ticker,total_trades,total_pnl,avg_return_pct,win_rate,profit_factor,risk_reward_ratio,sharpe_like_ratio,avg_return_pct_score,win_rate_score,profit_factor_score,composite_score,rank
KAJARIACER,1488,2041.5099999999984,0.044434275436011084,48.99193548387097,1.1806872859685882,1.2033616645742948,0.05510858372687049,90.16227551398387,83.42169844906236,95.30603269679531,90.197605267632,1
HCG,1584,453.01999999999964,0.048000492924517496,47.032828282828284,1.2049319347585647,1.303590791161615,0.05972669785710019,92.2272060079076,72.30264856418417,100.0,89.35895637162753,2
KOTAKBANK,1445,2123.2000000000007,0.02309993724142957,51.280276816608996,1.1512218270733339,1.0766487532548183,0.04702018636891474,77.80915188996079,96.40933966583742,89.60127277940575,88.10605657850176,3
AXISBANK,1464,1384.5000000000032,0.02487695213610347,50.47814207650273,1.1400642104177896,1.0984109848680192,0.04407454129733192,78.8380886432561,91.8567678694148,87.4410646354763,86.18488280799178,4
GODFRYPHLP,1380,14623.150000000001,0.06142441879065443,45.0,1.1747286838197646,1.426321139452661,0.04726014048502391,100.0,60.765189525633836,94.1523973564085,85.89051580025355,5
HDFCAMC,1459,5190.539999999995,0.028822915667218528,50.23989033584647,1.131700046009718,1.1100850383096688,0.03943209252167466,81.12290173992535,90.50455345863314,85.82169227045576,85.81691346774986,6
NH,1513,1535.849999999993,0.031458484442831613,49.768671513549236,1.1251241478268486,1.1146648263995071,0.03835098900663928,82.64896299421974,87.83011808877289,84.5485432416955,84.963141621576,7
UBL,1527,2128.3499999999995,0.023919329919127624,50.36018336607727,1.1207984150282169,1.0843615354759342,0.03750443865332516,78.28360105974072,91.18728496165024,83.71104509952518,84.32568384622735,8
HINDUNILVR,1481,2846.350000000002,0.01920931894924748,50.57393652937204,1.125739608459506,1.0896678453045952,0.03808356921931361,75.55638509218791,92.40045598386898,84.66770158096985,84.25413295520501,9
KIRLOSBROS,1420,2581.4,0.051054994911529,46.97183098591549,1.1275287284177569,1.2458600792262173,0.03750311863201688,93.99584023087874,71.95645414110456,85.01409020710713,83.79132439443785,10
COROMANDEL,1516,2440.169999999996,0.020102329629886537,51.91292875989446,1.0819329540733613,0.9884495476222958,0.025791598426718982,76.07346095528213,100.0,76.18636596202026,83.29658467139275,11
ARTEMISMED,1534,296.9199999999995,0.04984546380218679,46.61016949152542,1.1275843463252946,1.2143216037349327,0.036296710483471634,93.29549100117538,69.90381904516772,85.02485830037654,82.96973633405355,12
FORTIS,1451,690.5700000000018,0.025763416153681766,50.310130944176436,1.0989163500380106,1.0522500392829717,0.030338068546349635,79.35137382217832,90.90320894188054,79.47449383081415,82.86617236154332,13
EICHERMOT,1415,5087.19,0.02219372862606965,49.96466431095406,1.1075135895774086,1.0996811030881766,0.03333017413269477,77.28443408748689,88.94248891271823,81.13899149565297,82.32367349832273,14
NEWGEN,1409,2032.4999999999993,0.04586518485018549,46.55784244144783,1.1252341011618874,1.2384436296324433,0.035016825564642924,90.99080840433453,69.60683321415677,84.56983112934533,82.00722493728551,15
ESCORTS,1422,5606.800000000003,0.02303281068529101,49.929676511954995,1.0953899693330973,1.0923043637856804,0.028574178112382945,77.77028390920265,88.7439132134274,78.79175695675565,81.47096191949129,16
EIHOTEL,1472,388.7000000000005,0.03580368737905793,47.35054347826087,1.1160896802771998,1.1833432908534445,0.03254533071479329,85.16494584557928,74.10586336800836,82.79939456780555,80.90100059119851,17
POWERINDIA,1457,34819.249999999985,0.034012394329733464,48.455730954015095,1.0954639152658996,1.1559782108684067,0.026864071160795595,84.12774167813158,80.3784321526637,78.80607350940139,80.87428155299914,18
M&M,1423,3264.410000000004,0.01792966860690766,50.59732958538299,1.0829277943762214,1.0513424003735816,0.026851444258076104,74.81543504582265,92.5332249087175,76.37897538663961,80.75618814101789,19
CREATIVE,1526,591.8600000000008,0.04275112464575786,46.72346002621232,1.1095500565551228,1.1873586159208398,0.03080754523594724,89.18768846093195,70.54680739516601,81.53326857882517,80.53365618835946,20
BALKRISIND,1484,3518.030000000006,0.017572411100650963,50.53908355795148,1.0759211223040208,1.0414916463902923,0.02421417019283072,74.60857387674639,92.20264550792605,75.02242492075766,80.05233578370479,21
CEATLTD,1425,4828.350000000002,0.03346211883284593,46.94736842105263,1.117893154222391,1.2499014639138246,0.033308009199846084,83.8091181905725,71.81761514399534,83.14856224617627,79.94744489884086,22
MAXHEALTH,1424,1402.2399999999986,0.024365965140120804,49.43820224719101,1.082639815714375,1.0887911783036612,0.02674445925367624,78.54221419549633,85.95451666374593,76.3232203029328,79.8783073789458,23
BRITANNIA,1501,4804.559999999998,0.01305960218952648,50.766155896069286,1.0731106296563147,1.0308621796698456,0.02247055067782041,71.9955429093798,93.49141043802484,74.47828997747548,79.43740199521159,24
LALPATHLAB,1431,5689.680000000013,0.01563376099952914,51.01327742837177,1.06171379089759,1.0122641074859213,0.019052809765184264,73.48604623401104,94.89396597140069,72.27176642843293,79.42271023299669,25
ICICIGI,1464,1858.0499999999959,0.016670930928489855,50.0,1.0816637998825283,1.071320020375455,0.026816449146267806,74.08659396296872,89.1430390862918,76.13425545374953,79.42259209627797,26
ASIANPAINT,1446,2095.4200000000005,0.010796918176901983,51.244813278008294,1.0651340900494637,1.009074401099492,0.021236085231793104,70.68539140268108,96.20806387317757,72.93396502430252,79.2416225924786,27
BHARTIHEXA,552,492.45000000000266,0.023580364331691875,49.094202898550726,1.075071359539855,1.1028407304504788,0.0235823092975262,78.08733137620551,84.00212431081029,74.85790372414112,78.56999819576119,28
SUNDARMFIN,1482,6481.400000000001,0.020948150464267904,48.78542510121457,1.0828672760139715,1.1083288855468034,0.025751775514683422,76.56321269895427,82.24963433471494,76.36725852424637,78.1907575197993,29
AMBER,1419,13402.25,0.029752984105492607,47.286821705426355,1.0888495580984625,1.2056858743176715,0.025198009506544772,81.66143498581343,73.74420599136111,77.52547849874058,77.6318836926486,30
EMAMILTD,1452,900.2499999999998,0.024561280108725124,47.24517906336088,1.0984014426703428,1.1784598568591433,0.02919798195218754,78.65530652256012,73.50786026499263,79.37480344680615,77.39887141498829,31
BAJAJHLDNG,1435,12330.949999999997,0.01674074153678183,49.12891986062718,1.071326335966259,1.09867934879944,0.020070066385562614,74.12701607808818,84.19916285621201,74.1328357573303,77.15098798322217,32
WHIRLPOOL,1531,1378.2200000000018,0.02017319198344982,47.94252122795559,1.0882458554168248,1.1608944206966947,0.027333451384240228,76.11449205762393,77.46567447282708,77.40859659737703,77.03748859808611,33
HCLTECH,1484,1038.1000000000006,0.013352741087096673,49.19137466307278,1.0750087977933347,1.100043249248796,0.024914649009874813,72.16527777566284,84.55362945384039,74.84579124541881,76.95398866701849,34
MARUTI,1414,12210.850000000002,0.014250584978982406,48.58557284299859,1.0820707425874347,1.138773139578916,0.02559493743328081,72.68515219081367,81.11535887111275,76.21304297373615,76.6253705080724,35
VBL,1407,876.2100000000016,0.021416286112495214,48.04548685145701,1.077001201355646,1.1200175215281347,0.02413625574298453,76.83427512810583,78.05006306755558,75.23153728188623,76.55791637145292,36
SUPREMEIND,1462,5628.860000000006,0.020984300339124313,48.15321477428181,1.0754349313606812,1.141122008134132,0.023389983003122145,76.5841443945626,78.66148042503647,74.92829427729403,76.54500515679733,37
AADHARHFC,509,137.69999999999987,0.0211600429547436,48.52652259332024,1.0666192076248546,1.1054838751091611,0.021829435035797068,76.68590383218628,80.78021505073444,73.22149623998182,76.52843416086895,38
BERGEPAINT,1492,678.6400000000014,0.01262693766798734,49.32975871313673,1.0650909846395884,1.0708795225995862,0.020597645579431955,71.74501916340958,85.33903780470223,72.92561945550098,76.29546487263393,39
INTELLECT,1472,1581.8899999999994,0.021110154319057592,48.505434782608695,1.0637834693996109,1.1159297178995917,0.020273379625939433,76.65701704514643,80.66052970674728,72.67247354119787,76.26425344204726,40
VEDL,1359,653.1999999999991,0.017643768067398112,48.93303899926417,1.0618187256564955,1.077785924538548,0.019080682041225008,74.64989137268292,83.0874273330977,72.29208267766133,76.23802868279871,41
INFY,1401,2219.4499999999985,0.009660570942791501,49.75017844396859,1.0556850096127206,1.0556850096127206,0.018403690973521434,70.02741749532319,87.72515937947804,71.10454381883798,75.76759058997555,42
AUBANK,1485,1017.4500000000024,0.017245594556421856,48.08080808080808,1.0718821367782319,1.1439414400910541,0.02339686632224245,74.41933879776639,78.25053117412007,74.24044345505753,75.49713837358894,43
GLENMARK,1418,1899.7400000000002,0.015236194792813495,48.94217207334274,1.0564649355562414,1.0823437596260628,0.01798599780074548,73.25584530368457,83.13926273354329,71.25554402137841,75.42075001971972,44
PIDILITIND,1457,3459.7999999999934,0.00836786227421226,50.03431708991077,1.0461576453037313,1.0361122358152184,0.015126857852933913,69.27890634643451,89.33780812926128,69.25996619927668,75.28900082241941,45
CCL,1502,812.489999999999,0.01823343470662331,48.06924101198402,1.0671556737517855,1.1188875969946004,0.020460869993143522,74.9913233320376,78.18488146633065,73.32536058055878,75.28300567173399,46
PAGEIND,1498,78645.74000000005,0.010322748654137986,49.599465954606146,1.046999580510269,1.0568636411611059,0.014708356097164855,70.41083520693579,86.86978010947008,69.42297191510039,74.95337336096192,47
TITAN,1413,4190.950000000008,0.011437906913956854,48.903043170559094,1.0591610605032356,1.091349746857169,0.018244972663991957,71.05654016006116,82.91718391020972,71.77753641880085,74.9031317886016,48
BHARATFORG,1436,2455.229999999998,0.009247480038560857,50.069637883008355,1.0370765133324515,1.0183254776254669,0.011021110660902368,69.78822737086848,89.53827375983855,67.50178290206608,74.79866350003854,49
PTCIL,932,12249.999999999996,0.04174925100884483,43.88412017167382,1.0990653224562696,1.3543494438091928,0.027139688849512685,88.60757818145868,54.43193554643121,79.50333614016023,74.71318857443106,50
CHALET,1347,1170.2499999999998,0.02286504932432978,46.99331848552338,1.070025832463329,1.1765212944620487,0.021706695486836416,77.67314582071884,72.07840794736605,73.88104737411474,74.47788508007136,51
CROMPTON,1477,589.7199999999996,0.01403036591888555,48.20582261340555,1.0621434697068328,1.0889954113567248,0.019591230980490433,72.55763976230847,78.96005989390945,72.354955848867,74.39729223641217,52
NUVAMA,736,7498.050000000007,0.017252095832664606,48.505434782608695,1.0467757615175728,1.105418661322479,0.014572438002142606,74.42310320181811,80.66052970674728,69.37963868133598,74.27694534510401,53
POLYMED,1506,3011.6199999999926,0.02110332738810388,47.07835325365206,1.0657603532219255,1.1875185882162498,0.019931452832378845,76.6530640787467,72.56102871884227,73.05521482586502,73.9863137696227,54
RADICO,1464,2890.3100000000013,0.015419744247016146,48.15573770491803,1.053276924094922,1.1115433071299603,0.01653917596832564,73.36212509911142,78.67579949424581,70.63831827019071,73.86670468608345,55
INDHOTEL,1422,1025.5000000000002,0.012564077664924437,48.593530239099856,1.049281326919772,1.0872437482989246,0.015791735984846896,71.70862162523615,81.16052162900401,69.86473715299651,73.80663783747066,56
TIMKEN,1434,5182.219999999994,0.011694345922991976,48.95397489539749,1.0414998967627822,1.078590348926699,0.012898923763847566,71.2050248588477,83.20625047527547,68.35818702535838,73.6666574103803,57
LTIM,1392,8020.580000000017,0.010614614446794431,48.922413793103445,1.0443161605591025,1.084187262136983,0.014349555165697681,70.57983291314184,83.0271232327017,68.90343931140475,73.64346256831496,58
DABUR,1422,617.7500000000022,0.006816678901744983,49.507735583684955,1.039797338307618,1.0353663837409663,0.01306483905935489,68.3807317797407,86.3491579762411,68.0285574320586,73.63038989961798,59
LINDEINDIA,1469,13847.199999999997,0.020340713564326804,46.35806671204901,1.072293834664053,1.2329017217943514,0.02116344035785022,76.21149130734946,68.47299209520666,74.3201516179426,73.13340566794388,60
MANKIND,929,2711.0299999999997,0.01603273167686102,47.36275565123789,1.0587582917076586,1.1718529274127947,0.018784635671923944,73.7170603884924,74.17517440951849,71.6995570026597,73.04749324046715,61
OFSS,1382,15977.79999999999,0.00970419936908716,48.69753979739508,1.0376696316911411,1.0854671927348638,0.012031171057215885,70.05267946214101,81.75083514863849,67.61661558975469,72.58770061913572,62
DELHIVERY,1271,848.0199999999991,0.005738217333225399,49.80330448465775,1.0185420590168992,1.007278560733932,0.005294552076446034,67.75627514283111,88.0266799375641,63.91335713052377,72.30022937632808,63
OBEROIRLTY,1444,2488.7499999999964,0.011827927524192303,48.06094182825485,1.0420189240914361,1.11709233360811,0.013948506637910271,71.28237199839673,78.13777886886211,68.4586750683602,72.20951528752173,64
IRCON,1313,432.9199999999998,0.03299038449152697,43.71667936024372,1.0883814137425285,1.2760987655901075,0.025633416608929933,83.53597202672805,53.4816135150156,77.43484182592384,72.07921239289263,65
ZENSARTECH,1421,1244.5000000000007,0.01799154838503713,46.727656579873326,1.0553218581014943,1.1745223691822355,0.01688176524398201,74.85126500886572,70.57062522885906,71.034234641148,72.04026092777664,66
OIL,1468,860.4500000000003,0.023841293235996226,44.95912806539509,1.076164693610248,1.2457421604821657,0.021470488827207125,78.23841583837886,60.533218003339606,75.06958236804978,71.65932309973545,67
MEDANTA,1078,2011.939999999999,0.010167502764463387,48.237476808905384,1.034150173845085,1.0878464328716566,0.010997667237266343,70.32094389417132,79.13971549348103,66.93521903922081,71.61228543198403,68
ABBOTINDIA,1480,34279.39999999995,0.009377135182540438,47.7027027027027,1.047494811069326,1.1320659218780393,0.014744191860107747,69.86330099196994,76.10456766653002,69.51885270396637,71.59790167913653,69
RAINBOW,1263,1894.3999999999978,0.008334963050657737,48.614410134600156,1.0274252462636404,1.072605183802921,0.008274376770285112,69.2598568604839,81.27902693567397,65.6332166692475,71.41495180654636,70
POLYCAB,1457,8859.509999999991,0.0030744905507527065,49.82841455044612,1.012108303109636,1.012108303109636,0.0036800762458183444,66.21390968746097,88.16919387144421,62.66772803821955,71.38202228295937,71
TVSMOTOR,1466,1686.1599999999992,0.004251884352835946,49.24965893587995,1.0194673382158572,1.0420594121929398,0.006558069625664027,66.89565060009855,84.88442591893522,64.09249894214037,71.17102253256627,72
HINDPETRO,1400,587.2500000000003,0.005496400844724521,49.142857142857146,1.0174774408551581,1.0115618743385586,0.0055818851196438425,67.61625725478915,84.2782648758933,63.70723812732021,71.05125189013282,73
ULTRACEMCO,1432,13642.250000000004,0.001845988245033874,49.790502793296085,1.00977779195812,1.0140265063702858,0.003190178372413449,65.5025756532608,87.95402304324743,62.216521537365075,70.92358822389849,74
CUMMINSIND,1482,6310.749999999999,0.004822206330068232,49.05533063427801,1.0185498346278334,1.049372525634453,0.005778704053424107,67.22588150888001,83.78150205728761,63.91486255400108,70.86816009145072,75
SUNPHARMA,1522,1257.4999999999995,0.004021689646614346,48.81734559789751,1.0236574149353452,1.051212123278154,0.007785856638901979,66.76236201914443,82.4308013452689,64.90373292987819,70.71944218127527,76
METROBRAND,1517,1214.4700000000003,0.011246387200779693,47.26433750823995,1.0370280251021082,1.1382720442892038,0.01132838312623263,70.94564538227442,73.6165953583115,67.49239517408563,70.36563029181002,77
AJANTPHARM,1487,2850.160000000002,0.009335507649803764,47.54539340954943,1.034566296791586,1.128218691409212,0.010700870219339353,69.83919759333769,75.21174777541064,67.01578393095879,70.32159718300801,78
INDIACEM,1479,478.950000000001,0.004974921588735231,48.6815415821501,1.0161037635167642,1.0217487844251907,0.004597962994471081,67.31430752202286,81.6600361595463,63.441282675977895,70.06881617486191,79
INDUSTOWER,1455,598.0500000000001,0.009719973241598012,47.35395189003436,1.0334160837979767,1.1189091415287236,0.01029859315439584,70.06181293491991,74.12520804731814,66.79309305057136,69.97334351489995,80
ADANIPOWER,1371,772.6999999999999,0.026450712616594856,43.47191830780452,1.0763353541367027,1.2840175113946235,0.0213179422604528,79.74933592886676,52.09245505013005,75.10262367700274,69.59358676450015,81
TORNTPHARM,1523,2361.2000000000007,0.0007823950685863767,49.376231122783985,1.0039552044583446,1.0213108130460553,0.0013083178771417733,64.88672819296039,85.60279521464047,61.08921977355101,69.58254493170067,82
TCS,1423,4541.149999999994,0.0030514877707697877,48.41883345045678,1.0190120013804085,1.0781708984126528,0.006105448042104585,66.20059049366955,80.16901779163537,64.00434191268384,69.51261925066501,83
SRF,1487,4199.400000000008,0.0005248207007205814,49.428379287155344,1.0022595905665064,1.0145321569816064,0.0007585703546463694,64.73758609257717,85.89876576731945,60.76093470594305,69.49527944034621,84
SANOFI,1462,6722.6999999999725,0.003325525949349735,48.290013679890556,1.0182788931100026,1.0702024627303428,0.005269673158460346,66.35926555857313,79.43789217772202,63.86240600423642,69.28410972258311,85
M&MFIN,1385,521.1500000000009,0.007886653443496552,47.292418772563174,1.028352271865413,1.1178424695697313,0.009515064627241283,69.00027421261409,73.77597253719902,65.81269659909303,69.15795266458115,86
BAJAJ-AUTO,1420,11882.900000000009,0.0004277677301246711,49.15492957746479,1.0022144186393167,1.028059489607093,0.0007137360903472148,64.68138995783349,84.34678282251863,60.75218904206119,69.0093274509301,87
SOLARINDS,1416,15591.499999999987,0.005116546947518977,47.951977401129945,1.0173417636205748,1.0967513563626816,0.005698133136887501,67.39631220149292,77.51934364477935,63.68096987701721,68.94708470468856,88
AAVAS,1479,2767.1400000000067,0.008804560046596275,46.85598377281947,1.0326557540493937,1.1622965197092745,0.01017931353063869,69.53176544707281,71.29895518405249,66.64588683568992,68.90757092361356,89
ARVINDFASN,1468,958.390000000001,0.007629652832052366,47.41144414168937,1.0216149478362255,1.1008781765476567,0.0068718723775112595,68.85146433177017,74.45150934099203,64.50829417288936,68.79420977098441,90
MUTHOOTFIN,1455,2725.7100000000037,0.0009015330763160866,48.865979381443296,1.0038429723482394,1.0349042176248375,0.001207816135544845,64.95571212507873,82.7068257838745,61.06749069594022,68.72575765106207,91
TECHNOE,1520,1269.1499999999967,0.008603493113924679,46.9078947368421,1.023993331621235,1.120217108926456,0.007711941090762937,69.4153425867365,71.5935794895691,64.9687692170122,68.29018430969656,92
ALKYLAMINE,1470,3768.4999999999995,0.008815991798847258,46.394557823129254,1.034306333054499,1.188997309552386,0.009986939144492004,69.53838472194825,68.68009994731395,66.96545277159755,68.25172650941768,93
APOLLOTYRE,1456,687.7499999999994,0.004217779935858721,47.59615384615385,1.017274381256557,1.0833311592602295,0.005570845815435469,66.87590327654895,75.49984218212931,63.667924086325336,68.17989327213361,94
APOLLOHOSP,1432,8995.600000000017,0.0005874181871818712,48.60335195530726,1.0027396156008588,1.0546054577871102,0.0008456035660016712,64.77383162697137,81.21626546599626,60.85387157772407,68.13857775897992,95
ITC,1457,469.5500000000002,-0.0008932662147604351,49.07343857240906,0.9945965526203466,0.9959875967498856,-0.0017421233547755953,63.91647775461168,83.88427492611495,59.27730630307001,68.051148325446,96
ASTRAZEN,1470,7686.800000000002,0.006137764513046349,46.87074829931973,1.0240696601453365,1.140002074501412,0.006661110874351644,67.98762310689457,71.38275228642424,64.98354705931206,67.80453144172046,97
RAMCOCEM,1508,1373.7499999999973,-0.0009184145163376416,48.80636604774536,0.9962116927583691,1.0300504051482593,-0.0012994907813932148,63.90191624932925,82.36848614077662,59.590010977146605,67.71712510789041,98
ELECON,1420,1109.29,0.009148058948073107,46.54929577464789,1.0218204265417352,1.139306587535944,0.006630213221801688,69.73066003456637,69.55832600921798,64.54807657326656,67.60592644244193,99
NTPC,1417,470.80000000000086,0.0038221999078800143,47.28299223712068,1.01737433409074,1.06140993959616,0.00515702645562763,66.6468523941524,73.72247157626596,63.68727579315275,67.58570750838662,100
GILLETTE,1528,7881.600000000016,0.007421264295162933,46.07329842931937,1.0356383768279829,1.184217178049043,0.009671196829160275,68.73080207665141,66.85676979781697,67.2233476156654,67.56561060860668,101
HDFCLIFE,1414,955.7499999999985,0.001332444874455329,48.01980198019802,1.0061302929630862,1.0668833739814758,0.001896186679276216,65.20522099968802,77.9042867850411,61.51033514673201,67.53698639411154,102
TATACONSUM,1497,1112.6499999999987,0.0013010438659333912,47.9625918503674,1.0068121312540375,1.0783266419698534,0.002193568122356277,65.18703901829012,77.57958669350532,61.64234475724537,67.48692561643678,103
TATAINVEST,1419,11628.599999999995,0.02240896175476964,42.353770260747005,1.082696269608204,1.4339870725592854,0.019060632342142312,77.40905953509001,45.74632763694171,76.33415025015816,67.48027625167278,104
POLICYBZR,1394,3654.0999999999967,-0.0009199704483370472,48.56527977044476,0.9976578922215363,1.0359726709479173,-0.0007520576803535441,63.901015325186975,81.00018411910155,59.87000731996126,67.41836276127106,105
INDIANB,1412,1103.3899999999999,0.005876941746897031,46.88385269121813,1.0193197366337337,1.1117052112531052,0.005670329621336604,67.83660010140851,71.45712717879958,64.06392203816492,67.41368699932839,106
HEROMOTOCO,1417,5958.389999999998,-0.0013872708299333867,48.76499647141849,0.993928265685976,1.0370799993626465,-0.0020077422662516937,63.630436536627265,82.13369021809824,59.14792034882219,67.38840616594652,107
ADANIPORTS,1446,2739.380000000003,-0.004228191611957165,49.30843706777317,0.9848022031863889,1.0041391328422227,-0.0039652237554842745,61.98547125547741,85.2180253157997,57.38103812457752,67.11346422121413,108
LODHA,1369,1722.3699999999963,0.0035188681389942064,47.33382030679328,1.009809137314292,1.1095433730984192,0.0031245233967030794,66.47121559651825,74.01094983919148,62.22259026115866,67.03368573517639,109
NMDC,1392,126.19999999999996,0.010553637669875127,45.33045977011494,1.0368675963779597,1.1518925278303482,0.010318070343244596,70.54452581073217,62.64073705406812,67.46133482785535,66.94011279058222,110
KARURVYSYA,1430,283.9500000000005,0.009757844042650175,45.59440559440559,1.0322452540970934,1.136736338100787,0.010138083995192317,70.08374109050042,64.1387800328449,66.56641060277947,66.8933205781154,111
PNB,1433,214.00000000000026,0.013001066531769686,44.52198185624564,1.048539873807444,1.1487921187953032,0.014218123606763819,71.96164927696017,58.05216413148858,69.72118561317939,66.89261826780638,112
WELCORP,1449,1117.6499999999999,0.0006268009031548104,47.82608695652174,1.001723193110723,1.0580972256234478,0.0005771037683312614,64.79663521968779,76.80484362513617,60.657083660676115,66.74327711771762,113
POWERGRID,1484,471.39999999999975,-0.00777333618597781,50.40431266846361,0.963846679398073,0.8994184254276135,-0.01162893857846232,59.93274251421116,91.43774390251748,53.32387300183301,66.74069512575178,114
IPCALAB,1490,2321.600000000002,0.0010771052134506062,47.651006711409394,1.0043201607967156,1.0821196098725174,0.0014088083201993834,65.05737285133026,75.8111634537679,61.159878380910115,66.7245122438935,115
TVSSCS,800,243.6,0.00931630051570999,45.5,1.031842346169391,1.1962567859436348,0.00850460600353811,69.82807617491076,63.602974481699626,66.48840424949218,66.62467689677999,116
CRISIL,1485,6106.869999999999,0.001206683746464973,47.54208754208754,1.0046748852303298,1.090058019952454,0.0014742172102586752,65.13240211273722,75.19298509351044,61.22855600571123,66.5890385641588,117
WESTLIFE,1516,1152.460000000001,0.007207046920829349,45.97625329815303,1.0255766248885034,1.1786038400799013,0.008179048853974425,68.60676477662265,66.30598337125042,65.27530806986678,66.58394767230864,118
KPRMILL,1457,1360.779999999997,0.007265583501080338,45.91626630061771,1.0249165940904972,1.1735218401693885,0.007749922234917293,68.64065894318985,65.96552297291981,65.14752057284886,66.44086280397245,119
TIINDIA,1400,6016.820000000003,-0.0003381751834357846,47.785714285714285,0.99893233229958,1.0840431588183783,-0.00033977006472495536,64.23788955890572,76.57570570942897,60.11674960557044,66.29077842272858,120
KEI,1407,7396.220000000001,-0.00122315474096043,47.97441364605544,0.9962557137250162,1.0730043020416102,-0.0011837450266432414,63.725463920054096,77.6466821214197,59.59853380541633,66.25105733460867,121
TORNTPOWER,1470,2334.2,-0.002768401336654456,48.36734693877551,0.9908662633408983,1.0452175773638168,-0.0028802047072227313,62.83072689788308,79.87680249505654,58.555091019156954,66.23429522554467,122
PFC,1343,856.8999999999996,0.007040024911469728,45.867460908413996,1.0233837482553452,1.1430000305189567,0.006458539649884824,68.51005479149285,65.68852455737864,64.85074876586638,66.19987331100799,123
RECLTD,1343,997.450000000001,-0.003733992175326195,48.54802680565897,0.9872480723735794,0.9796771515731684,-0.003542391069545891,62.27162528003372,80.90226371126825,57.85457890844462,66.09399826076844,124
CANFINHOME,1381,1558.7499999999993,-0.007677129956103661,49.45691527878349,0.9740186180824418,0.9825751505985394,-0.00862923356293256,59.98844836457301,86.06072378281699,55.29324562538572,65.93204989437129,125
FACT,1389,2108.509999999999,0.016826914572539167,43.916486681065514,1.0381935376359779,1.303698770211736,0.01030562390843763,74.17691245425222,54.61563393329543,67.71804817375792,65.72498318576746,126
MFSL,1438,1717.6299999999983,-0.0080933676920429,49.51321279554937,0.9690603038749745,0.9772265423907749,-0.010370124284854875,59.74743614464172,86.38024427510115,54.33327441811095,65.57161389316724,127
PRESTIGE,1462,2517.1299999999965,-0.0022867532118159115,47.811217510259915,0.9934080858797123,1.0729944275238665,-0.002089231751928925,63.109613394156995,76.72045104332248,59.0472091764913,65.56790300184036,128
CONCOR,1415,1526.5999999999995,-0.0012980577574202648,47.56183745583039,0.99516867118405,1.076497463034158,-0.0013626947212047943,63.682093171278034,75.30507710971655,59.38807325436073,65.45138038604267,129
SBICARD,1429,1255.6000000000006,0.0036122969867117775,45.976207137858644,1.0183792478670357,1.1594332989414655,0.005979531690909827,66.52531327207673,66.30572138527245,63.88183552669784,65.40204460788388,130
GRASIM,1456,3088.1399999999994,-0.005452087937321371,48.96978021978022,0.9728850467676445,1.0056329305298093,-0.009241227625654632,61.27680420087659,83.29595469879358,55.07377671356098,65.40133835532545,131
GPIL,1426,290.4900000000002,0.007382275230738465,45.37166900420757,1.0221495968303311,1.1501157751042985,0.007315928846512922,68.70822641817878,62.87462294318622,64.61180670131421,65.31957748893518,132
UNOMINDA,1423,1904.0099999999984,0.004209509584916153,46.029515108924805,1.013570540606032,1.1605769548924032,0.004282565336640875,66.8711145333184,66.60827450193233,62.950829478750215,65.22414850207531,133
APLAPOLLO,1423,3139.499999999992,-0.006693728472038176,48.69992972593113,0.9782797276296827,1.0262761356230583,-0.007217545862302153,60.5578627984266,81.76439935512983,56.118232164204606,65.14397151174877,134
SHREECEM,1486,45023.10000000002,-0.0023796600502786606,47.7792732166891,0.9887998284275369,1.0667896740499907,-0.003645480145095047,63.05581797521407,76.53914897186766,58.15501189235478,65.14049484106644,135
COLPAL,1517,1912.78,-0.0058720508693629716,48.97824653922215,0.9684788997138248,1.0036726147774497,-0.010468872476702322,61.03363499779652,83.3440058866847,54.22070969729255,65.00157614426138,136
JINDALSTEL,1404,1646.399999999995,-0.003359437105084967,47.79202279202279,0.988050917151159,1.0646211819676423,-0.0038160466958704928,62.48850217794798,76.61151007802403,58.010016389439,64.9340102325672,137
MSUMI,1363,56.72000000000014,0.008226107690651996,44.53411592076302,1.0316836122486124,1.1387611535528341,0.009828232239657595,69.19682684253705,58.1210318629753,66.45767203140566,64.77842642421598,138
BASF,1516,5573.660000000023,0.0067486206739183294,45.05277044854881,1.023408225961129,1.236181239264907,0.0064364825704833414,68.34132433741432,61.06469189566717,64.85548785495784,64.76400001190758,139
TCI,1540,873.9700000000007,-0.004862874785850597,48.05194805194805,0.9827805689499934,1.0412161703470202,-0.005346394863145128,61.61797357930462,78.08673406265882,56.989632784500884,64.70726540638938,140
SIEMENS,1451,9030.310000000001,-0.005728953306378998,48.380427291523084,0.9772909689835249,1.0343692164597706,-0.006797524253306559,61.11649212088677,79.95104095155074,55.926800199319025,64.69098000145885,141
CANBK,1388,216.9099999999997,-0.0026337045276977637,47.3342939481268,0.9908849747441524,1.0150161156816053,-0.002871553397365248,62.908719771045,74.01363802369315,58.55871370372675,64.50019281991214,142
ASTRAL,1424,3405.0700000000006,-0.006916277749547998,48.59550561797753,0.9723690122355443,1.0271701559887034,-0.008820965482900395,60.42900111486082,81.17173302992721,54.9738681010673,64.46976748386334,143
EXIDEIND,1447,488.9500000000003,-0.005900926889915263,48.30684174153421,0.9743857465830477,0.9925073699100572,-0.00827847403100813,61.01691504855793,79.5334010180662,55.36432478156763,64.3108247326143,144
JYOTHYLAB,1470,647.4400000000007,0.0012808870629226834,46.12244897959184,1.0042562444890157,1.1242337604235442,0.0012376682647990485,65.17536771744238,67.13572718210807,61.14750364778514,64.1523299289792,145
TRENT,1475,7891.050000000008,-0.005359473250393085,47.79661016949153,0.9813276855185904,1.0634529811861035,-0.005951950550305252,61.330430456661546,76.63754605956119,56.70834236938903,64.07372990262243,146
DMART,1451,5300.959999999998,-0.00395193935837978,47.6223294279807,0.980490713217438,1.067046333342277,-0.006050099740326938,62.145428326033404,75.64840352677835,56.5462975136631,63.956668561308774,147
NESTLEIND,1537,978.5999999999971,-0.005638170621452776,48.47104749512036,0.9649142192180963,0.9882275829039026,-0.011550414192912474,61.16905760098679,80.46536225251867,53.53055766257885,63.902549021083175,148
SUMICHEM,1480,797.9799999999987,-0.005652500363900809,47.7027027027027,0.9794525033176541,1.0446568484393677,-0.006778142148197062,61.16076031618955,76.10456766653002,56.34529137141436,63.717714943381615,149
SOBHA,1384,3221.7799999999993,-0.0070435884254962545,47.76011560693642,0.9802573532655582,1.0647878663308181,-0.006287314641970865,60.35528500028987,76.43041861836699,56.50111707019742,63.63615791367603,150
SKFINDIA,1510,4943.6100000000015,-0.0019311172480902727,46.688741721854306,0.9916772299825576,1.1126477856967418,-0.0026939007351605157,63.31553564892688,70.34976123155144,58.712100961141026,63.584429448599906,151
DRREDDY,1441,1043.2000000000019,-0.005399914453688154,47.883414295628036,0.9707032444796991,1.045264508186111,-0.009941475770327448,61.307013972904144,77.13020894611043,54.65136149565496,63.39171147396635,152
COCHINSHIP,1413,3186.7400000000016,0.006804390956429265,44.51521585279547,1.016912138619,1.2287014711453739,0.004769139723166497,68.3736167473368,58.01376320588143,63.59779087419888,63.35533033564502,153
USHAMART,1433,909.9599999999994,0.005428675445780536,44.59176552686671,1.0138312088311783,1.2200879492819658,0.004141343794266623,67.57704252883838,58.44822623282363,63.00129703290702,63.00809944166141,154
MRPL,1364,376.41999999999996,0.012533794109724135,43.03519061583578,1.0311183738658356,1.2682580339542306,0.0085490813141606,71.69108667769044,49.61377650179759,66.34823714083437,62.930753810180164,155
DODLA,1542,1122.3299999999977,0.0016029176884771728,45.26588845654994,1.0056678604912266,1.1727989089396251,0.0015664892860151108,65.36183162796605,62.27425804961177,61.420804342567635,62.8591486403004,156
JUBLFOOD,1392,1227.559999999998,-0.00948333213582966,48.20402298850575,0.9658575322578885,1.0191164423823922,-0.011239226928425087,58.9426114319888,78.949845996975,53.71319097699923,62.853013619488834,157
JBCHEPHARM,1503,1906.799999999997,-0.006080504519427253,47.30538922155689,0.9768934489700484,1.0607056858015151,-0.007501748730816622,60.91293504049591,73.84958722725456,55.849836991404885,62.76869147688709,158
APTUS,1448,517.9900000000005,-0.0018391188242005221,45.85635359116022,0.9935708862066776,1.1222562720707954,-0.0020855115587813168,63.36880507276182,65.62548420176863,59.07872868491337,62.32977825632449,159
BDL,1411,2799.2199999999984,-6.14419138609389e-05,45.357902197023385,0.9998390097049952,1.1873088240246819,-4.891010183894349e-05,64.3981251499402,62.796488466545554,60.29228995397642,62.27530006653629,160
ZFCVINDIA,1513,16130.349999999993,-0.005626392621293028,46.92663582286848,0.977723049876475,1.0823807284548017,-0.0071491202668269044,61.17587736219476,71.69994583354105,56.01045468330091,62.2669288320411,161
GRSE,1403,3667.4100000000035,0.005694690825517299,44.11974340698504,1.0128783059593172,1.2599617053128824,0.0037025350551602868,67.73107218946382,55.76923169136264,62.81680704658497,62.176813982881924,162
NHPC,1502,151.39000000000001,0.006138218720681684,43.60852197070572,1.0216684898205823,1.1495720259507929,0.00643725968462576,67.98788610465056,52.86775868917908,64.51866035002382,62.064157578158415,163
SCHAEFFLER,1444,6613.789999999999,-0.006440622484009657,46.88365650969529,0.9777271322761814,1.0932635733132485,-0.006989148479646031,60.704417593404536,71.45601373685125,56.011245070116,62.05262742712314,164
KAYNES,1063,7215.769999999995,-0.00770632546533292,46.84854186265287,0.9807469564486214,1.1048173545535673,-0.005975662145477162,59.971543423276685,71.25671810262216,56.59590835188403,62.00684179852327,165
LUMAXIND,1538,2844.4699999999953,-0.002100018955673968,45.70871261378414,0.9930374845368062,1.1498328768320913,-0.0022387677704195845,63.2177372707883,64.78753751277522,58.975457648919395,61.99176549463682,166
CIEINDIA,1482,674.4000000000001,-0.007644970000826071,47.0310391363023,0.9749534885312736,1.0616781890892923,-0.008106272051320546,60.00706979541673,72.29249413799288,55.47424438340292,61.879566933384055,167
NATIONALUM,1418,335.8000000000003,-0.01050963354741851,47.60225669957687,0.9664864271090122,1.0008503889617772,-0.01072059809271162,58.34835685060759,75.53447935339517,53.83495029361794,61.698830978648004,168
BAJAJFINSV,1462,2699.339999999998,-0.007661917213552286,47.264021887824896,0.9649224263140403,1.0682571000437637,-0.011244043048188294,59.997256928854846,73.61480403258017,53.53214662517218,61.49647693849937,169
KIOCL,1490,734.1300000000005,0.00827459902834221,43.08724832214765,1.0207489410656638,1.298990474845245,0.005918322751022756,69.2249045585514,49.90923365343583,64.34062800042449,61.47649266376596,170
VTL,1470,1148.8000000000002,-0.008828821626213592,46.93877551020408,0.9729445782538942,1.0772893591101091,-0.008095389178617934,59.32158963908234,71.76884547772569,55.08530250848538,61.36125153843656,171
CUB,1441,319.7800000000004,-0.005815465807384917,46.35669673837613,0.9784434245497267,1.083904392465266,-0.006947053531025866,61.066399185722695,68.46521671384845,56.14992526056487,61.31945487409729,172
TATAMOTORS,1389,1225.5499999999986,-0.005558037377541964,46.436285097192226,0.9754289061433813,1.1085106793846489,-0.007952884957800081,61.21545678428444,68.91692600850102,55.56628921960296,61.26623052567682,173
TECHM,1449,1781.849999999998,-0.009050661965936374,47.34299516908212,0.9597895333343075,1.0577272408173999,-0.013665844347163133,59.193138448499504,74.063022411546,52.538375503699974,60.992198459493636,174
JSWSTEEL,1444,1312.8099999999968,-0.006520774800200079,46.67590027700831,0.9685663302750666,1.0921519451172859,-0.010401482286649458,60.65800736677264,70.27687871355519,54.237636987076144,60.9755206189288,175
CERA,1410,11585.60000000001,-0.009533418900028432,47.02127659574468,0.9648978255843116,1.0769598656597141,-0.011465250022783454,58.91360992350836,72.23708615653811,53.5273837176134,60.7561623110593,176
ADANIENT,1403,8656.809999999989,-0.013032917833291462,47.61225944404847,0.9595749936027861,1.0457643642856709,-0.010065897615492118,56.88731116746284,75.59125062895691,52.49683881270792,60.7423040640091,177
ARMANFIN,1441,3437.099999999998,-0.005266604391832169,45.52394170714781,0.9866829780635867,1.156645137394662,-0.004308772196441619,61.38420388427676,63.73885731443282,57.74517191157243,60.634987124241846,178
BATAINDIA,1459,2097.1799999999957,-0.010889843694488912,47.909527073337905,0.9448967813598568,1.0070788299185884,-0.01807143843701339,58.128205519592235,77.27841384160273,49.6550138419831,60.48399134515173,179
RELIANCE,1401,1933.479999999998,-0.008349684873858534,47.32334047109208,0.9517540046545184,1.0407566415905367,-0.01571691926264131,59.59902198690919,73.95147079900168,50.982629771368,60.45819974432047,180
FIVESTAR,1052,1164.709999999999,-0.009029909382582817,46.38783269961977,0.9733738874675265,1.1110025723758448,-0.008199005851875711,59.20515472129626,68.64193103866818,55.16842037211009,60.42149387683337,181
MAPMYINDIA,1428,3847.960000000002,-0.0030429820121499933,44.88795518207283,0.9898578310268588,1.204507189081045,-0.002960558027978765,62.67173771348806,60.12927132819612,58.35985006720084,60.18424273938558,182
COALINDIA,1415,739.3500000000001,-0.006002940672305229,45.86572438162544,0.9747306112382075,1.0948823044570928,-0.007346441786762423,60.95784647780014,65.67866877818591,55.43109347058327,60.16339196502912,183
ACI,1133,1128.7200000000003,-0.005953404292455247,45.45454545454545,0.9825190462147253,1.1599448157253456,-0.005438057790241248,60.986529299765,63.34499403114818,56.938999790019196,60.075056915281635,184
ASTERDM,1443,482.43000000000006,-0.008975200933149605,46.43104643104643,0.9678270630982334,1.0804994674589232,-0.010695873776860447,59.2368323029003,68.88719359254426,54.09450866270043,60.07501123371354,185
BIOCON,1404,718.4599999999997,-0.011530016073073532,47.079772079772084,0.9590386522255956,1.0373867418173992,-0.013633956806027985,57.75752945449876,72.56908136567962,52.392998624726786,60.05518269594423,186
ABFRL,1510,466.56000000000097,-0.015094924810243982,47.94701986754967,0.9472925954897153,0.9786945599810871,-0.017746453557133033,55.693356760835776,77.49120681635276,50.118863547026514,60.00291449196717,187
GLAXO,1527,3609.2099999999937,-0.0062881327501153285,45.841519318926,0.9736005356122898,1.132158337126291,-0.00854809961947489,60.79271302197655,65.54129125260769,55.212301353437844,59.98512182375041,188
MCX,1369,12509.05999999999,-0.01671846099352543,47.991234477720965,0.9492483844319612,1.025823977087812,-0.015985203089894016,54.75328807920007,77.7421499275176,50.49752068602649,59.947639676425894,189
SCHNEIDER,1415,778.7599999999996,-0.000948099042406581,44.16961130742049,0.9976933889201554,1.2004246855487308,-0.0007332104611898924,63.88472815486362,56.05226044665527,59.87687977846263,59.931848491840725,190
MASTEK,1515,4977.629999999993,-0.006503356903038374,45.54455445544555,0.9788024022916146,1.16321444910018,-0.0063934320346874735,60.668092771576234,63.85584640847779,56.219426361512845,59.844952298621344,191
WIPRO,1413,261.4500000000016,-0.007956009788194982,46.496815286624205,0.9611178863775349,1.044502543186545,-0.01335822401441854,59.826969859327136,69.2604693304168,52.795555791442474,59.84445407350017,192
GESHIP,1493,1286.1999999999975,-0.01021132514384584,46.21567314132619,0.9685902933811327,1.1019469279770857,-0.00998104152601356,58.52108499215143,67.66482742953126,54.2422764453472,59.55268430464369,193
LT,1409,4456.400000000006,-0.013073265138684289,47.977288857345634,0.9351151624547909,1.0070470980282364,-0.022616246664365795,56.863949052975485,77.66300058410935,47.76121040063275,59.46256905137855,194
CIPLA,1459,1406.5999999999995,-0.01236736661946352,47.77244688142564,0.9371515858463401,1.007068203441763,-0.02171101583216758,57.272682222686065,76.50040562883625,48.155479045157925,59.39411797351986,195
HONAUT,1522,70170.0100000001,-0.0093535301483919,46.583442838370566,0.9565046791167436,1.084668211579495,-0.013778704097450214,59.017770079181794,69.75213005667005,51.90240018285254,59.39193011389658,196
DEEPAKFERT,1377,2655.540000000001,-0.015334546795288251,46.98620188816267,0.9601716815713052,1.0670223169239077,-0.012978828619581113,55.554609546027045,72.03801720150884,52.6123626067916,59.322733066977406,197
INDIGO,1381,6107.230000000005,-0.016681419662057894,48.22592324402607,0.9350676708876459,0.9996519244324382,-0.021935329933526426,54.77473595082578,79.07414242827413,47.75201563500476,59.25546976773188,198
BAYERCROP,1517,6703.310000000004,-0.01108226790490331,46.80290046143705,0.9519940618182066,1.0699876920153928,-0.016088630195310975,58.01678701493444,70.99767713913411,51.02910685119759,59.1159819866996,199
RBLBANK,1453,531.1099999999997,-0.01687295438979172,47.350309704060564,0.9521553142507774,1.0241205414906616,-0.016064229376525158,54.66383247922945,74.10453656619087,51.06032667428543,59.05464138334027,200
BLUEDART,1435,11581.299999999996,-0.008691771896747939,45.92334494773519,0.9650641613905195,1.1232233866259917,-0.010477138973987651,59.40094491297398,66.00569832951838,53.559587724462745,59.045828062532806,201
MAHSEAMLES,1470,705.1299999999993,-0.015734563885777104,47.14285714285714,0.9522369321162777,1.0484224808148916,-0.01590967897273837,55.32298949175295,72.92712505163007,51.07612857743257,58.90548579398793,202
ANANDRATHI,1491,933.199999999998,-0.006963587773517156,45.271629778672036,0.9734463435993445,1.1407349004253058,-0.008428347399264733,60.40160740949173,62.3068433247038,55.1824484867929,58.88551461497582,203
TATASTEEL,1374,247.77999999999986,-0.012007428267614762,46.87045123726347,0.9490071864721904,1.03005593686966,-0.016942190731755315,57.481095669443185,71.38106628995567,50.450822738509416,58.83897768322342,204
HUDCO,1414,501.2800000000003,-0.001094193712354768,43.56435643564357,0.9970985330520261,1.162202510927524,-0.0008034785366433257,63.80013563072622,52.61709410722711,59.761710694377044,58.829853199136814,205
NAM-INDIA,1459,1119.3399999999983,-0.0167097851342396,47.63536668951336,0.941977119620995,1.005679169437091,-0.018643834822303817,54.75831162205972,75.7223974160697,49.08974284724297,58.78010985033602,206
PIIND,1472,4736.450000000004,-0.0152935482466649,47.622282608695656,0.9386086486097466,1.0216239641786542,-0.020776779923498693,55.57834874688392,75.64813780065283,48.437578613990404,58.74297740985719,207
INDUSINDBK,1393,2356.3500000000013,-0.02349563556738632,49.89231873653984,0.9070350934145198,0.9005096610877966,-0.02762091961138944,50.829131887012565,88.531886547297,42.324673576009594,58.73817496069671,208
PGHH,1545,13673.299999999957,-0.011419173243532586,47.18446601941748,0.936905671526325,1.0320099509405198,-0.020634864570158843,57.8217102677805,73.16327913951353,48.107867970749716,58.5386440104881,209
VOLTAS,1408,1780.1800000000003,-0.01182380427871046,46.51988636363637,0.9512405482218643,1.0848499076667673,-0.016481755207087927,57.58741862235518,69.39141084094749,50.883220300545105,58.44693695920884,210
3MINDIA,1469,43823.90000000005,-0.010450087759996287,46.22191967324711,0.9537626785657368,1.0886098319417468,-0.015528195604868645,58.38283537375686,67.70028005815678,51.37152588381478,58.373544983100004,211
CENTURYPLY,1454,1044.5499999999986,-0.008545443128151458,45.323246217331494,0.9692345443091548,1.1383725907363973,-0.009879611429324801,59.48567298617395,62.59979603093081,54.36700882721802,58.37244423601864,212
PETRONET,1487,472.53999999999974,-0.014146400782311769,47.209145931405516,0.9394174604666435,1.0009747299559109,-0.01942377377063121,56.24257626183622,73.3033517054269,48.59417137157608,58.30144693880937,213
VGUARD,1593,486.55000000000064,-0.011905352261435296,46.39045825486504,0.9508137188250216,1.0498836191626761,-0.015672691460436587,57.540200269355346,68.65683256102085,50.80058255024474,58.17934286921076,214
VINATIORGA,1473,3006.2999999999965,-0.013867304472728496,46.84317718940937,0.9438480023654605,1.0601191330916404,-0.018238592662880644,56.404180113047616,71.22627052457291,49.451961434392885,58.06991976504331,215
RKFORGE,1476,1095.1499999999987,-0.015458203867538465,46.40921409214092,0.9568510722677942,1.071393828364085,-0.014086264625882756,55.48300896078463,68.76328262674068,51.96946480148943,58.06167339685336,216
CAPLIPOINT,1456,3190.089999999999,-0.009580569448416025,45.19230769230769,0.969847754478852,1.1629329457200823,-0.009405065088195719,58.88630855855108,61.856645277966834,54.48573145799257,58.01717873415241,217
ARVIND,1445,535.6999999999998,-0.008440420378934313,44.77508650519031,0.9763501061050199,1.1453627983519477,-0.007119082876646426,59.54648382514076,59.48867726165958,55.74464125666909,58.00840482870774,218
DOMS,631,3105.600000000001,-0.008369478503097364,44.69096671949287,0.9778758853658193,1.2032728092976568,-0.006931635856568787,59.58756097289858,59.01124953694025,56.0400449156019,57.995661119192405,219
ATUL,1440,15953.259999999998,-0.013317088337340261,46.666666666666664,0.9445967515776058,1.0739165449483494,-0.017964385284683887,56.72276922879106,70.2244727125198,49.59692556031428,57.92294280651896,220
JUBLPHARMA,1522,1529.8400000000006,-0.005069817322189292,43.95532194480946,0.9852348874776151,1.2370662264292926,-0.004509586884171595,61.49814859522754,54.83604618773027,57.464809431525296,57.88618220749746,221
KRSNAA,1475,1130.6599999999994,-0.012143603005289307,45.69491525423729,0.9625105132508998,1.1110284559483679,-0.012074227687050335,57.40224703801998,64.70922963406426,53.06518003165177,57.859515014285975,222
AEGISLOG,1398,1564.6000000000004,-0.013889469232736484,45.70815450643777,0.9635077459485918,1.1112757570643383,-0.011231686160214967,56.39134615410415,64.78436993551244,53.2582526439714,57.65601588447354,223
SJVN,1427,266.2100000000001,0.0009660478434256747,42.39663629992992,1.0028936011607754,1.180264866159458,0.0008049268602201724,64.9930678136598,45.98961683918053,60.8836844733315,57.648279185184705,224
UTIAMC,1477,1619.5099999999989,-0.017689441350966385,46.987136086662154,0.9418498250579286,1.0273491607620344,-0.018572281771294327,54.19106579311048,72.04331931040447,49.065097552436455,57.496354552029075,225
CRAFTSMAN,1456,6822.020000000009,-0.011896656279509064,45.39835164835165,0.9629547110467804,1.1450565852991972,-0.011968090541648158,57.54523546373483,63.02606215546648,53.15118044964427,57.4318614656181,226
CAMLINFINE,1435,457.9499999999996,-0.001222483067705144,42.717770034843205,0.9967608525589055,1.2666830410169452,-0.0009828982243433213,63.7258528359268,47.8122338028248,59.696332919373205,57.33995915937476,227
GSFC,1353,564.1800000000002,-0.014626236365871192,45.82409460458241,0.9574255100009438,1.0933181630333357,-0.01322444854064984,55.964739272994436,65.44239606815175,52.080680763431765,57.25441290771657,228
GANDHITUBE,1549,-387.8400000000002,-0.007890503136909314,44.22207876049064,0.9774219925350534,1.1186844410912142,-0.006559945724371209,59.86489987403616,56.35004314466639,55.95216745756031,57.24534988863488,229
ARIES,1492,741.8000000000004,-0.004994391765546365,43.43163538873995,0.9882936577018573,1.2292664939933595,-0.0035048620752368385,61.54182190804009,51.86382652671432,58.05701299549464,57.24449972862418,230
TATACOMM,1448,2895.5999999999976,-0.015084396502593708,46.54696132596685,0.9421346584074498,1.0735302932595274,-0.019611038989297523,55.69945291834342,69.54507668252246,49.120243677302895,57.22145635118092,231
LICHSGFIN,1440,1357.6000000000017,-0.026926111911792568,49.51388888888889,0.9023817122949626,0.9049129372943875,-0.03281596383354327,48.842798962820886,86.38408149011674,41.42373997149468,57.137560124479165,232
SAIL,1385,247.30000000000013,-0.016070940908594022,46.281588447653434,0.9431234139177493,1.0431739476874948,-0.019891028682768555,55.12821865287154,68.03893435887109,49.311675035060006,56.67481591754678,233
DECCANCE,1563,587.4999999999989,-0.011151713664403594,44.913627639155465,0.960919816635837,1.1306549409418825,-0.012836936721429963,57.97657615653109,60.274977153184814,52.757207828585265,56.578349124348875,234
TRIDENT,1391,71.00000000000006,0.002730314533499366,41.265276779295476,1.009273038300663,1.197412785858452,0.0027036675612648084,66.0146230327367,39.56850678406404,62.11879699679531,56.52245774375835,235
ONGC,1413,375.7699999999993,-0.012303222953498612,45.50601556970983,0.9492627863168848,1.0821300503425761,-0.01541980654296849,57.30982303427983,63.63711626814907,50.500309011711096,56.4842053954131,236
ZOMATO,1378,422.52000000000015,-0.017173234365463887,45.86357039187228,0.9523084589259659,1.0457311242003486,-0.015014744501463423,54.4899627473697,65.66644365875183,51.08997676755847,56.48291262885985,237
JSWENERGY,1395,1102.4400000000007,-0.023709046678045347,47.24014336917563,0.9360850073823707,1.0198923145683492,-0.020803557261907704,50.70556143412735,73.47927983058811,47.94898051100533,56.43504458381677,238
ENGINERSIN,1407,568.6499999999999,-0.010913178832421627,44.349680170575695,0.9706047909819352,1.1634813840616787,-0.008965481878130429,58.11469388210728,57.0742538684907,54.632300072930576,56.40960435435162,239
AUROPHARMA,1472,1778.2000000000016,-0.02154555305381888,47.75815217391305,0.9192608198551581,0.9911802296589044,-0.026421248285738486,51.95827918689284,76.41927501697506,44.69167673070188,56.38993695344112,240
FEDERALBNK,1487,247.7100000000001,-0.015889464471195273,46.67114996637525,0.9303177419962426,1.0067271242639455,-0.02280511334396794,55.233298118922356,70.24991799345294,46.83238957228316,56.377920662625854,241
INDIAMART,1430,5626.930000000001,-0.01475191198084473,45.87412587412587,0.9448290170881258,1.1061412882982935,-0.018439604173705996,55.89196990025207,65.72635203623837,49.64189411075556,56.34225422524935,242
HINDALCO,1463,860.8599999999983,-0.021969681546329438,48.1203007518797,0.910796567567371,0.9638401176671754,-0.03081677075726014,51.712698018512185,78.47467458980381,43.05292651290645,56.27738238765738,243
MINDACORP,1480,920.3499999999995,-0.016585513013318724,45.67567567567568,0.952293935418108,1.1072530077494571,-0.015197578258912799,54.83026833610229,64.6000340608579,51.08716489465392,56.263956676949626,244
RAILTEL,1366,981.27,-0.007706405388596691,43.33821376281113,0.980954709256435,1.2245363684805837,-0.005690444821302892,59.97149714567722,51.3336055574503,56.636131037536174,56.045983225952725,245
IOB,1391,121.1699999999999,0.004742019692707696,40.402588066139465,1.0132809162156926,1.2494727312054714,0.003627082187588148,67.17945140941899,34.672256680140265,62.8947557682073,55.7134147341507,246
DOLLAR,1429,867.4999999999997,-0.011675397529013943,44.22673198040587,0.9629023578823102,1.1853449911905654,-0.011988599286464221,57.67334989938472,56.37645281961182,53.1410444380084,55.47135859090232,247
JSWINFRA,759,253.86999999999992,-0.019256819777113184,45.8498023715415,0.9431695671551301,1.0949439802605532,-0.018812085364344866,53.28351387904474,65.58830229681284,49.32061068882339,55.38978912828664,248
IRFC,1406,256.9600000000002,0.0047246674195194896,40.042674253200566,1.0149120132023508,1.2312342895509867,0.004126760125440579,67.16940400256264,32.62954067246369,63.21054982198194,55.223903331300676,249
SUNTV,1452,931.4700000000009,-0.028539371833713963,49.03581267217631,0.8907226844317361,0.9044838495002038,-0.038794583067606775,47.908680497489804,83.67072649883711,39.16645441329912,55.140403864217724,250
GAIL,1440,328.6899999999994,-0.01663685681643938,45.69444444444444,0.9374741276224992,1.04147961594536,-0.02056186504064405,54.80053897016217,64.70655752016965,48.21792583761608,55.13929928214598,251
AMBUJACEM,1437,1214.63,-0.020251747766300805,46.5553235908142,0.9263837451727291,1.0399315285870248,-0.020211727003495092,52.707425305996956,69.59253730128736,46.070734799700205,55.11828270206538,252
DIXON,1421,21710.350000000002,-0.022440842616841098,46.65728360309641,0.9285223840987498,1.0559666328966173,-0.022376520795805207,51.439883793024,70.17121847923686,46.48479322880196,55.077247973199036,253
ABSLAMC,1434,994.9700000000012,-0.01352309776990534,44.97907949790795,0.944919988254699,1.1119291024578553,-0.017281555705111046,56.60348453549611,60.64645375341349,49.65950689142019,55.038784243240954,254
ZYDUSLIFE,1474,1158.8499999999985,-0.018905890180954295,46.74355495251017,0.916956771677731,1.0207631986601156,-0.028229848309461784,53.48671102747,70.66085755424861,44.245593683529755,54.94250804792749,255
BIRLACORPN,1451,2496.259999999999,-0.020655007407234416,46.31288766368022,0.9299839210263057,1.0600709575984375,-0.024004906960305696,52.47392773266716,68.21657524762604,46.767759033330755,54.91425450742027,256
ASAHIINDIA,1437,1387.0100000000016,-0.01796115637287182,45.3027139874739,0.9410823685881663,1.1159993679724491,-0.019524191819384085,54.033735894920596,62.483263924922085,48.91651154457536,54.52170456378295,257
HERCULES,1487,324.2900000000009,-0.009481368227889309,42.77067921990585,0.9774923580937908,1.1988113825678566,-0.006655170614272712,58.9437485845619,48.11252358164175,55.965790819764734,54.503197977766995,258
TATACHEM,1436,1967.0499999999988,-0.02393535548254217,47.56267409470752,0.9045341048892874,0.9853197277271301,-0.03166829142972724,50.574522888958676,75.30982551215489,41.840461226108104,54.50148901077731,259
PRAJIND,1405,1344.9199999999983,-0.014867344384768012,44.34163701067615,0.9542323549018512,1.1732616113239456,-0.014786607775970052,55.82513160684559,57.02860435216639,51.46245916084049,54.44110445203978,260
ACC,1475,3682.020000000006,-0.02089959316712964,46.847457627118644,0.9119996148500948,1.0215451546946068,-0.026247922606586142,52.33230636615911,71.25056444804643,43.2858465546952,54.38919986613974,261
PERSISTENT,1396,7844.009999999989,-0.024637026973541035,46.63323782234957,0.9241800062643917,1.0505271960609062,-0.02565480591377191,50.16823727593868,70.03474496951638,45.64407246814221,54.318523660893405,262
MRF,1443,153858.5600000001,-0.01634471729122161,46.5003465003465,0.9082799911375553,1.0436421358674446,-0.030174787157254947,54.969695174472974,69.28051098077236,42.56569621396913,54.30134033216125,263
NAVINFLUOR,1491,7473.2700000000095,-0.02620191192877305,47.753185781354794,0.9018477053672876,0.9778461075049805,-0.03351007055381287,49.262129144857084,76.3910879087996,41.3203517525147,54.22410581710289,264
VARROC,1476,1206.0499999999968,-0.013870378763300667,43.766937669376695,0.9611996650297819,1.2111710949446477,-0.011926028168721833,56.40240002073129,53.76685806216535,52.81138882425201,54.1753329545698,265
APCOTEXIND,1545,563.5699999999987,-0.02011366105193634,45.63106796116505,0.9337345454435925,1.0833969619473174,-0.021802791492738248,52.7873810204804,64.34685985853243,47.49391137044458,54.137836811881684,266
GABRIEL,1434,663.0699999999995,-0.02614556865904708,46.23430962343097,0.9273491947278287,1.0266580828510201,-0.024040973431485983,49.29475332892872,67.77060008663311,46.25765392910432,53.62266759631028,267
SUVENPHAR,1562,1095.669999999998,-0.02082992555273982,45.83866837387964,0.9228202546688664,1.0336617936374735,-0.025361768627765634,52.37264568417774,65.52511051468146,45.38081315739011,53.5216521226138,268
CREDITACC,1436,2460.700000000001,-0.023097415243813924,45.47353760445682,0.9350967410825416,1.1040728749994482,-0.020288966982980137,51.059711567611124,63.452785305751846,47.75764386849745,53.45680660940787,269
MGL,1427,2915.0399999999972,-0.032080400207280105,48.35318850735809,0.8916636822959328,0.9407697981325205,-0.03631412360721549,45.85833514082223,79.79644532770085,39.34863949031089,53.43588993668127,270
RATEGAIN,1460,1423.5599999999995,-0.029141560309002584,46.438356164383556,0.924986226005684,1.042314862342688,-0.024035837191679985,47.55999807704839,68.92868049513814,45.80016337041129,53.266668919820475,271
GRAPHITE,1417,1039.1199999999994,-0.013761185650588637,43.330980945659846,0.9587808230954046,1.2289259084301034,-0.012909733916608143,56.46562560607268,51.29255519804653,52.343080743159845,53.264686538499696,272
IIFL,1480,894.510000000001,-0.021979989340399013,44.932432432432435,0.9400088946296873,1.1265971263456553,-0.019246252369168288,51.706729543967946,60.381705072111444,48.708677984865254,53.11000157876992,273
SWANENERGY,1487,1211.4499999999975,-0.02677807225215744,45.393409549428384,0.9373566338332399,1.094277077719397,-0.018886737093631405,48.928517685382225,62.998012927514814,48.195178054800564,52.85603040578934,274
TATAPOWER,1397,788.7000000000007,-0.021582201639923713,45.95561918396564,0.913218884480201,1.0312830081746818,-0.027603230600487458,51.93705872480634,66.18887301360495,43.52190737896563,52.846542473109636,275
MPHASIS,1436,5038.6000000000095,-0.035575437223551006,48.53760445682451,0.8853925189490995,0.9273121073641932,-0.040747795865683736,43.83461994803051,80.84311094180964,38.134489681085306,52.657115139386164,276
QUESS,1447,999.090000000002,-0.02977534296153672,46.786454733932274,0.9097705016962396,1.0024945262413512,-0.030877332512705732,47.19302182561239,70.9043382629249,42.85427155643555,52.570916649135405,277
EQUITASBNK,1471,99.65999999999988,-0.018546084374614413,44.32358939496941,0.9384909326836007,1.0694766303434284,-0.020426520991465302,53.69504772701135,56.92617384747549,48.414787823610986,52.55228160179045,278
IFCI,1419,112.10000000000001,0.0021194953534295195,39.18252290345314,1.0048674650740506,1.2343965443265763,0.0014884592007042596,65.66094321504056,27.747691551957825,61.2658410782859,52.52892686141388,279
CESC,1325,149.0400000000001,-0.015288649991659829,43.77358490566038,0.9421390338014449,1.098079287672029,-0.018765681674947184,55.58118496092852,53.80458491641584,49.12109079026912,52.464167279310956,280
ADANIENSOL,1414,2938.2500000000055,-0.02128755214062487,44.271570014144274,0.9439162265143926,1.1263664875499222,-0.017057256887020002,52.10766826785368,56.630934214816634,49.46517020170273,52.407648825482184,281
APLLTD,1470,1156.75,-0.021901358481733767,45.23809523809524,0.9185082701283465,1.0953038469350056,-0.025784245996613563,51.752258808053654,62.11651569518899,44.54597679327282,51.97902306828192,282
GLAND,1415,3889.049999999991,-0.026012997723804,45.65371024734982,0.9173681554788258,1.0593756098873128,-0.026876197926952332,49.37151526722152,64.47536773674457,44.32524103697812,51.884161315981075,283
AIAENG,1476,4460.149999999996,-0.02978671398437611,47.764227642276424,0.878257473546815,0.9492655245995363,-0.04232893072730666,47.18643771460855,76.45375676242035,36.75308506205652,51.79329236793128,284
SYNGENE,1462,941.4400000000018,-0.02772437469647254,47.19562243502052,0.8852189160448247,0.9686091037881778,-0.04141612341091574,48.380584537715684,73.22659815623737,38.10087870311378,51.72250628943143,285
ABB,1409,12070.78999999999,-0.03138053439737142,47.338537970191624,0.8881676259911688,0.9813786212226258,-0.03680980535866825,46.263575218633726,74.03772526763069,38.67177367439899,51.55909961563892,286
BANARISUG,1797,-3765.6999999999694,-0.01707457568297428,43.516972732331666,0.9397013456045358,1.0634727504603763,-0.019745214867204743,54.547088630078676,52.34816458638471,48.64913391472015,51.528229530827076,287
BEML,1371,11461.889999999994,-0.024369475409228108,44.34719183078045,0.9376499922122142,1.1689781152908856,-0.017452809393083815,50.323156426446836,57.060131122017665,48.25197469685364,51.5157761432808,288
NELCO,1387,2385.3,-0.022104635743001658,43.83561643835616,0.9422981488889012,1.1685736912207754,-0.017189788612060608,51.634556111326326,54.15664921698744,49.1518968054206,51.39812032066237,289
NYKAA,1432,486.09999999999985,-0.02256987697396562,44.203910614525135,0.9320283718672261,1.1234402017925647,-0.021260355097925107,51.3651696232772,56.24692856206536,47.16358185936638,51.149062199349316,290
BSOFT,1384,1051.0500000000022,-0.03020649895833886,46.17052023121387,0.9056510893602302,1.0445459356157896,-0.03331911347180157,46.943371553775584,67.40855893145259,42.05671878587776,51.12826665991956,291
PPLPHARMA,1130,417.18000000000006,-0.013169527930469625,41.769911504424776,0.9640577182076885,1.2847294592216867,-0.011053144734137007,56.8082104518306,42.43259644662469,53.36473188498796,51.118134823531776,292
GICRE,1386,820.7499999999998,-0.023037640151214667,43.65079365079365,0.9375650669036268,1.1607210497699447,-0.017969926419980953,51.094322864281374,53.10767456482137,48.235532444991094,50.55481220672726,293
DALBHARAT,1459,3556.1100000000024,-0.03732920106597322,48.183687457162435,0.8699253802661728,0.92437305698269,-0.0461857910020183,42.819146144475376,78.83443026713567,35.13992193623076,50.55204169797562,294
KPITTECH,1408,1829.1699999999983,-0.029871185335202378,45.66761363636363,0.9084611254197,1.0751771639881675,-0.030653536106361932,47.13752665723579,64.55427739310802,42.60076532984877,50.547847347042655,295
ACCELYA,1488,2035.1199999999958,-0.02003343886762078,43.68279569892473,0.9299835521141345,1.1646255560321621,-0.021229054159647313,52.83383170253114,53.2893044263207,46.767687608840994,50.54401588219195,296
LUPIN,1474,2220.660000000001,-0.03067795676680487,47.218453188602446,0.875379779889984,0.9583899314312755,-0.043787796006142125,46.67038550947585,73.35617569433826,36.195939439910454,50.48634413710841,297
HIRECT,1576,947.3000000000022,-0.01829697764622464,41.81472081218274,0.9660154392162752,1.1492505377019115,-0.010848455142591322,53.83928684909278,42.68691480551925,53.74376308823236,50.45536573167656,298
MASFIN,1502,381.49999999999824,-0.03594554886194487,47.20372836218375,0.887042001241291,0.9621090253237699,-0.04055466717538726,43.620315910001786,73.27260391255497,38.453843284176585,50.44941326043766,299
RELINFRA,1413,673.8800000000006,-0.03462374184939896,45.152158527954704,0.9290876517032501,1.0790814261945272,-0.022846552286600142,44.38567573903212,61.628775888767784,46.59423377694397,50.44202899911757,300
MANYAVAR,1399,1957.1499999999996,-0.03035377886459513,45.67548248749107,0.9061485052479485,1.0663907291806844,-0.03197183529068492,46.85809274771539,64.59893760780993,42.1530226726971,50.29831817573643,301
GODREJAGRO,1469,641.1500000000017,-0.02211908125751302,44.72430224642614,0.9085885939396396,1.0980507512756073,-0.03013876158463245,51.62619179156426,59.20044765060777,42.62544430416461,50.298169554317454,302
CAMS,1388,7957.140000000003,-0.022435623342306966,44.09221902017291,0.9215684955899143,1.1594897738631273,-0.026531953413064815,51.44290588552857,55.61301510972187,45.13846210339092,50.172161139931504,303
DATAMATICS,1384,1709.5699999999972,-0.031020889934721223,44.869942196531795,0.9231747025255712,1.116431886629153,-0.02228651954036863,46.471818496081234,60.02703736943177,45.4494372345824,50.12943165348686,304
PHOENIXLTD,1494,2066.2999999999965,-0.04231052409809631,47.59036144578313,0.8878058296994957,0.9464934161915861,-0.04096044289652001,39.93483360261088,75.46696700886626,38.60172687857836,50.06123093487449,305
HONASA,690,373.3600000000007,-0.02369719555276367,43.333333333333336,0.9389963299820822,1.1965137181377032,-0.019468447193620935,50.712423536638,51.30590633874785,48.51263697848018,50.01055375400783,306
JUSTDIAL,1436,2378.200000000001,-0.02554921130176715,44.49860724233983,0.9168968595786723,1.1306959708106317,-0.02627029649242527,49.64005938395534,57.91949987609708,44.23399419877399,49.96146545752532,307
SBIN,1395,1242.8499999999995,-0.029085458656363673,47.24014336917563,0.8629081264713184,0.9506393016967787,-0.04455932306704269,47.59248235869048,73.47927983058811,33.78132276011264,49.834057760828635,308
HEG,1389,1138.6499999999999,-0.020128412578067217,42.54859611231102,0.945452591914946,1.2366071972085502,-0.0167505688402983,52.778839512219136,46.85207537818383,49.762623426059385,49.79432383754464,309
MANAPPURAM,1403,319.1200000000002,-0.03545853211755621,46.54312188168211,0.8916339169579142,0.9899457730390318,-0.03721067637030779,43.90231097333731,69.5232856480607,39.34287667128064,49.76482965493166,310
FINPIPE,1388,411.48999999999995,-0.024887259845029954,44.02017291066282,0.9210058533027032,1.126008792826709,-0.027046102760195173,50.02334608840317,55.20411237830027,45.02952983869007,49.58004947548706,311
FSL,1417,534.9899999999983,-0.03275114216044265,45.44812985179958,0.9065133109602949,1.0514991355393482,-0.03236746058566379,45.46995851569963,63.30858182923551,42.22365211759481,49.52302295051847,312
CAPACITE,1335,645.5400000000005,-0.034397665801741806,45.0936329588015,0.9177402791557615,1.0869581711595648,-0.027033884211649244,44.516579512079495,61.29660992939148,44.39728730118331,49.502871752914615,313
KIRLOSENG,1411,1781.8500000000001,-0.03402202192999119,45.28703047484054,0.9124301989025005,1.0709274635005877,-0.02941407501152437,44.73408685371902,62.394251052503655,43.36921123779629,49.48618586698532,314
JWL,1369,899.2000000000002,-0.03103737588347712,43.90065741417093,0.9358357617890467,1.1040059153218538,-0.021069586764964645,46.46227271307248,54.52579382237741,47.900724474150955,49.456709750295346,315
BALAMINES,1380,4832.840000000008,-0.02549501020136951,44.20289855072464,0.9165371043551918,1.150930199895208,-0.02649996155545767,49.671443197583095,56.24118452321012,44.16434257087032,49.439525344586094,316
SHYAMMETL,1476,1050.7499999999975,-0.029111565921840155,45.25745257452575,0.9014404987281425,1.0606769940124552,-0.03356529917807849,47.577365588956425,62.226379611412995,41.24151313264632,49.43772881316936,317
NLCINDIA,1431,516.7999999999998,-0.032589483480721576,44.93361285814116,0.913807465996125,1.0530813877187069,-0.028136500968474597,45.563562996760965,60.38840466074738,43.635861695852235,49.2399349755934,318
KEC,1432,1596.05,-0.028601942662775652,44.48324022346369,0.9135025041245401,1.117140424981188,-0.028297964533364,47.87245039840696,57.8322832861245,43.576818520331585,49.14214751349208,319
EIDPARRY,1488,1122.6000000000026,-0.03650989661891605,46.57258064516129,0.881914986413696,0.9989946094296557,-0.04029809268571253,43.29354422647351,69.69048091971173,37.461210222248056,48.87969163275479,320
DEEPAKNTR,1422,4742.2099999999955,-0.03743491185851886,47.46835443037975,0.8642554112681385,0.9551622767496759,-0.046061234756455724,42.75793691094773,74.77450766317384,34.042168394098184,48.87660072987574,321
RAYMOND,1375,3769.649999999996,-0.032862369874200804,44.50909090909091,0.9187343935486432,1.127401192083384,-0.020229340781637687,45.40555484468157,57.97900065967831,44.58975618354389,48.85126912472552,322
FIEMIND,1522,2298.999999999999,-0.037500345687323224,45.992115637319316,0.8959229408590327,1.036710831565452,-0.03453313905253975,42.720049062304795,66.3960111861586,40.17326766307909,48.80412513977066,323
DATAPATTNS,1381,5431.889999999998,-0.03301220347790858,44.170890658942795,0.9246625143800697,1.1581019032563495,-0.02472106847727632,45.31879738294296,56.05952149566231,45.73749008528914,48.708491697697234,324
RITES,1398,627.4700000000004,-0.03555746229844471,45.779685264663804,0.8926121261139103,0.9944256967487781,-0.034490503384718485,43.845027886160366,65.19034775469208,39.53226616641078,48.52351915882005,325
BLS,1443,541.5000000000005,-0.029273966187371103,43.58974358974359,0.9260126695363423,1.1645087783835402,-0.02471781372029062,47.48333171087778,52.76118067519185,45.99889144493336,48.47291029379423,326
TRITURBINE,1409,1124.4699999999993,-0.03759861830128034,45.351312987934705,0.9051915280885792,1.066681096479969,-0.0325591934753805,42.66314672308077,62.7590909496971,41.96774387014951,48.41376884989316,327
FINCABLES,1420,2332.6500000000024,-0.03250196843569112,44.71830985915493,0.9044912389086088,1.101057838860401,-0.03005120714085894,45.61423643037597,59.166437437709426,41.83216201280672,48.16706696554831,328
HINDZINC,1429,606.8000000000021,-0.026484854807912933,44.50664800559832,0.8938893295673204,1.082224502778045,-0.030943583869714224,49.09829803218447,57.96513579011755,39.779543464662495,48.030847532555605,329
360ONE,1441,1000.489999999998,-0.03964351879784071,46.49548924358085,0.8796093824786342,1.0003915663413718,-0.04103128316700328,41.47909740303895,69.25294328041774,37.01482596735241,48.025542591977974,330
VMART,1553,1065.5999999999985,-0.03034806278405737,44.55891822279459,0.9007736991412282,1.0569772307842158,-0.03170409118601608,46.861402503513006,58.261799062137264,41.11241514133781,47.98192652623021,331
CASTROLIND,1419,276.64999999999975,-0.02240752060313025,43.058491895701195,0.9137267298683844,1.1395413554168723,-0.027326838163340497,51.45917808521235,49.74602454471589,43.620230504528976,47.809652990790056,332
PAYTM,1343,2098.0999999999976,-0.03312379383759161,44.15487714072971,0.9121706214702819,1.1259846457272282,-0.02908343476032745,45.2541837307246,55.96863565350475,43.31895487029685,47.694427763387544,333
HGINFRA,1441,1794.119999999998,-0.038800583221599155,45.66273421235253,0.8911337005731432,1.038753112978117,-0.035023193927698024,41.96717850897379,64.5265838810021,39.24603058474905,47.64654095089239,334
GODREJPROP,1406,5354.460000000006,-0.03837385082045725,45.87482219061167,0.8839554028860773,1.0388189075777468,-0.0414261561490594,42.214267406581165,65.73030402913446,37.856251960705315,47.52587221499682,335
CDSL,1364,2148.8600000000033,-0.024771533136930018,42.888563049853374,0.9180493841018896,1.1879715961797102,-0.026418598823578176,50.09035479140211,48.78158150001875,44.45713261067626,47.444433931696764,336
JAYBARMARU,1516,128.70999999999998,-0.029178398363087218,43.20580474934037,0.9185276549938625,1.0938191922064315,-0.027152558350456293,47.538667908189844,50.58210894450066,44.549729865783675,47.256125002120626,337
NATCOPHARM,1487,1224.7500000000005,-0.03136864528200173,44.788164088769335,0.8859889024676708,1.0709025022319445,-0.03545968777369623,46.27045931837015,59.562900001544094,38.2499545311062,47.04998960841675,338
BANKINDIA,1390,238.8400000000005,-0.04215617504891212,46.618705035971225,0.8688133652362677,0.9251253426126925,-0.04322720207234845,40.02420562195512,69.95226312440799,34.92462650191601,46.96279122467534,339
BPCL,1402,407.01000000000005,-0.03203537501589734,45.00713266761769,0.8787687314765709,1.018034774499799,-0.04339328923123733,45.88440587009791,60.805671479358026,36.8520688842833,46.7478507585501,340
UCOBANK,1402,82.78999999999989,-0.004686592735346763,37.30385164051355,0.9864821012080971,1.2826153514751548,-0.003827552204955325,61.72004536342601,17.085161457231628,57.70628046794678,46.724074233376,341
DEVYANI,1402,398.8299999999999,-0.0338554182620308,44.650499286733236,0.8901979084682342,1.0594208335604385,-0.03722910839434373,44.83055460855442,58.78157379314845,39.06485338638699,46.70957987506566,342
GODREJIND,1469,1599.6899999999973,-0.02753813301837439,42.954390742001365,0.9082562988980402,1.1702256275817857,-0.026433314998477512,48.488423199150056,49.15519116895895,42.56110919773363,46.317527989526155,343
GPPL,1437,277.77999999999986,-0.027622355938572457,42.44954766875435,0.9169265776887269,1.1634445428378273,-0.0247018343804206,48.439655989420196,46.28991901209014,44.23974787407437,46.114771650082844,344
PVRINOX,1448,2745.9499999999994,-0.03962125097131356,46.2707182320442,0.8572404085579088,0.9839072748970624,-0.051749272596049556,41.49199104011451,67.97723969022096,32.6840050468393,45.914371237836356,345
LTF,1415,305.47000000000014,-0.044944931622448094,46.85512367491166,0.8558969995942466,0.9204442846315201,-0.04933344116206497,38.40944474228806,71.29407363824544,32.42390980665295,45.88061943682123,346
MAHLOG,1434,953.3800000000003,-0.036741460535508176,44.56066945606695,0.8853655714107729,1.0654868926680505,-0.03868717854451277,43.15946283794222,58.27173830900699,38.12927241170339,45.68106930876612,347
THERMAX,1464,6118.749999999997,-0.04431584265050312,46.03825136612022,0.8678692079592557,1.0095095831454843,-0.04547772458547946,38.77370323346168,66.65785774041528,34.74182973609074,45.52620018659938,348
GMRINFRA,1397,161.72999999999973,-0.02671673294550658,42.30493915533285,0.9091671474988533,1.0968463217710362,-0.028474228933696843,48.96403470171332,45.46918328427702,42.73745712454518,45.42494824561517,349
BIKAJI,1079,882.4499999999996,-0.036742616110769954,44.57831325301205,0.8815649733228703,1.0685080653788637,-0.03853631168240456,43.15879373051853,58.37187691208436,37.39344475291658,45.4165790939475,350
SUZLON,1365,88.35,-0.021188050094558018,39.78021978021978,0.9521605936660215,1.0871815249961938,-0.015833036260587623,52.16528247949205,31.13996196230959,51.061348813345894,45.41611285787885,351
IDFCFIRSTB,1420,146.67999999999995,-0.029034813780780277,43.239436619718305,0.8929967440396253,1.0529798740792975,-0.035438943073730515,47.62180702783649,50.77298897610635,39.60673142194704,45.36113136996167,352
PATANJALI,1472,965.8000000000022,-0.029430764645704866,42.73097826086957,0.9047255800922419,1.1291090307987437,-0.02941075785919231,47.39254142143045,47.88719801305266,41.877532430967726,45.33493480273202,353
AARTIIND,1375,1305.2000000000014,-0.042529919085139666,46.32727272727273,0.8510833441619153,0.9619780342175496,-0.050687061639473105,39.80779833333191,68.29821868173576,31.49194575124465,45.02858340501816,354
CELLO,707,639.2,-0.04062982786928139,45.54455445544555,0.8637129966691593,1.019288629609567,-0.04806216311077721,40.907999402253694,63.85584640847779,33.93715237945326,45.00401469500075,355
ADANIGREEN,1383,3669.3499999999976,-0.051059176178973494,46.2762111352133,0.869274806892364,0.9670682226677549,-0.0380832369630229,34.86914186598644,68.00841504617775,35.01396547584036,44.8688532639854,356
DLF,1409,1257.5200000000007,-0.042767520780350156,46.486870120652945,0.8451962066695963,0.9535877812653917,-0.054894172691567635,39.67022091764444,69.20402484565915,30.3521465676062,44.80313235603356,357
ZEEL,1394,630.7199999999993,-0.04023669662197865,43.97417503586801,0.8903305585278912,1.0936686958752073,-0.03493366865151286,41.135632378449344,54.94304822409283,39.09053555024064,44.45981840085891,358
ASHOKLEY,1448,143.69000000000008,-0.0359870248685736,44.54419889502763,0.8609570042656681,0.9477201132226735,-0.049492923338680855,43.59630024883422,58.1782584883363,33.403569140449335,43.89379527733089,359
CLEAN,1479,2174.989999999997,-0.03785601590225796,44.62474645030426,0.863199854135147,1.0580737605989905,-0.045875235248995075,42.514106975215,58.6354117695601,33.83780368203953,43.87997709624834,360
AARVI,1639,-5.539999999999594,-0.0364101223402567,42.15985356924954,0.9135791602835692,1.129083361623977,-0.026186893071898948,43.35131606769658,44.6457398972186,43.59165979550074,43.83578070767485,361
GNFC,1419,1587.869999999999,-0.0561154660319838,47.286821705426355,0.8399660287993115,0.9238374504528941,-0.05274567450461608,31.941421630962058,73.74420599136111,29.339540275564914,43.441504396922916,362
CGCL,1485,161.8999999999998,-0.037196870599227945,43.09764309764309,0.8859018640385128,1.0852297834471782,-0.030913827486544334,42.895768845400966,49.968229928481115,38.233103161382125,43.15244089671748,363
ANANTRAJ,1459,568.74,-0.053485368114126665,45.23646333104867,0.8733443261113978,1.0109622199228907,-0.0415065051463349,33.4643151196772,62.10725369265606,35.80185852058534,42.99221405193411,364
RHIM,1443,1258.2000000000007,-0.048225785756022994,45.11434511434512,0.8613829843292617,1.0254559337253115,-0.04675654673631705,36.50974687799099,61.41416321621024,33.486042452710805,42.77159000934469,365
AARTIDRUGS,1435,628.000000000002,-0.036568245034286136,42.99651567944251,0.8777522062536075,1.128132090047181,-0.0395294473677027,43.25975901215101,49.39427419645033,36.65526107729847,42.45831439349979,366
SONATSOFTW,1450,1169.7600000000004,-0.04869192218380376,44.827586206896555,0.8633784183626941,1.0387106510148105,-0.044483368489602035,36.23984204825042,59.78664298905944,33.87237521379852,42.35689559671236,367
NCC,1421,529.7500000000002,-0.04365019081738899,43.771991555242785,0.8740520449653306,1.0553265044517095,-0.04293822832942029,39.159132549806955,53.79554174472627,35.93887882510696,42.26195381840275,368
GTPL,1509,345.74999999999955,-0.04500981375891492,43.93638170974155,0.8711430027525695,1.053780826859066,-0.040078713169910844,38.3718763375194,54.728549559450144,35.37566385966732,42.08039331295779,369
AVANTIFEED,1439,1137.4499999999998,-0.04194324663276865,43.50243224461431,0.8720248888442427,1.1018717045939233,-0.039524109948680594,40.14749658245728,52.26563903178838,35.54640440185147,41.942502445014284,370
ECLERX,1462,3767.1500000000024,-0.046501881216013355,44.39124487004104,0.8623515849248987,1.0683061236974092,-0.04597322685691067,37.507931387138896,57.31015722618301,33.67357164998523,41.914855243990665,371
BALRAMCHIN,1450,1079.900000000001,-0.05202414694439473,45.86206896551724,0.8409649684116914,0.968690474892264,-0.05496548576202999,34.310399286296565,65.65792220850588,29.532943360881042,41.80367379279315,372
PNBHOUSING,1464,1675.2399999999993,-0.04448862485991645,43.71584699453552,0.8690746451727365,1.094490881264415,-0.04183060576116263,38.673657946214064,53.47688936524626,34.97521248851421,41.63524918884378,373
SONACOMS,1413,1458.4599999999978,-0.049431970945002734,45.152158527954704,0.8477386984277101,1.008516727439862,-0.054255487962300446,35.81133502115089,61.628775888767784,30.844394291408566,41.56979098953903,374
ACE,1389,1858.769999999996,-0.05393719415625749,44.70842332613391,0.8663573058725634,1.058881151622022,-0.045083333487105755,33.202696366656184,59.110325728360046,34.44911281442865,41.47355175427633,375
VIPIND,1429,1238.8000000000006,-0.04290965906709352,43.24702589223233,0.8727978517411308,1.1213616412337506,-0.0425168119268356,39.587919239859396,50.816062422841924,35.6960565001769,41.39961709888116,376
UNIONBANK,1354,280.39,-0.04825493093421897,44.091580502215656,0.8636526990418433,1.0271246504517735,-0.04589378754867473,36.492871079641155,55.60939115641532,33.92547825319413,41.200869972094594,377
STARHEALTH,1416,646.8000000000011,-0.048389991311356184,45.62146892655367,0.8293592726579867,0.9667299261787369,-0.061319333380926405,36.4146676912695,64.29237986650655,27.28598334629202,41.126507605849625,378
AFFLE,1422,2803.950000000002,-0.044420352918043825,43.88185654008439,0.8580873213739042,1.0822351312840748,-0.04617648730073995,38.71318913440058,54.419088147090086,32.847974469592536,41.078872972284216,379
OLECTRA,1391,2441.0000000000027,-0.04760737235316005,43.206326383896474,0.8794687560688124,1.1267736142645348,-0.03820726042099566,36.8678239435481,50.58506951789239,36.98759951522316,41.03090784452141,380
INFOBEAN,1529,756.110000000001,-0.05031305043216928,44.277305428384565,0.8613820538034316,1.0484177434771456,-0.04261335755843828,35.30116762208325,56.663485959312446,33.485862295107395,40.98374099246167,381
AWL,1308,665.6000000000015,-0.03599366693217672,41.20795107033639,0.8959388471169306,1.2051125494615484,-0.03090151497213428,43.592454325325384,39.24315071510425,40.176347247986094,40.92122041132333,382
CHENNPETRO,1363,1582.2300000000005,-0.05192280904036994,43.50696991929567,0.8775130912358383,1.0980012035362428,-0.040150145592547586,34.36907650631624,52.29139292168094,36.608966404818915,40.64172739032672,383
BARBEQUE,1469,1300.8999999999987,-0.04595020539654114,43.43090537780803,0.8655801896607428,1.098934096591225,-0.04419613767256279,37.827365697037266,51.859683298633605,34.2986565995057,40.62557733850354,384
AARTISURF,1568,325.72999999999746,-0.04726568777398509,43.23979591836735,0.8687580641495035,1.0673679460715877,-0.038420422238377105,37.06566799235215,50.77502820070834,34.91391974780497,40.317776757040136,385
RVNL,1357,651.5999999999993,-0.027680215613957473,38.39351510685336,0.9302311154874932,1.328391458584827,-0.020426284646828774,48.40615376796115,23.269622641138852,46.81561795380425,40.2289801042517,386
BHEL,1402,599.2499999999994,-0.05357935804939091,44.50784593437946,0.852959373797209,0.999220035650256,-0.047927176957924936,33.40989256017976,57.97193471866466,31.855160819616856,40.15661251150007,387
MMTC,1356,207.31000000000012,-0.023094311915055538,37.24188790560472,0.9427805898618199,1.4169712231784581,-0.016288596655624196,51.06150847377473,16.733481947739776,49.2453014231663,40.03661769572087,388
CHEMPLASTS,1461,848.1000000000001,-0.04876145668813519,43.80561259411362,0.8555582791666818,1.0681110391471542,-0.04773422380870954,36.19957980433608,53.986360301356186,32.358330691620615,39.99911430835593,389
MAHESHWARI,1760,-87.02000000000018,-0.04000663982997244,40.625,0.9046533887836046,1.1463160422908332,-0.029087311025330454,41.26884110357027,35.93457116005811,41.8635555882733,39.906445914397835,390
ROUTE,1479,1694.4000000000024,-0.0452120353377219,43.948613928329955,0.8422002761890995,1.0546938843352722,-0.05120097581637224,38.25478490774718,54.797974371229095,29.772109304953016,39.82467150567409,391
BEPL,1415,267.87999999999926,-0.0460636910168105,42.54416961130742,0.8705987339676605,1.123679761283841,-0.041736355191341654,37.76165464080716,46.82695246227178,35.270288859078576,39.48469767455511,392
BANDHANBNK,1350,603.0499999999995,-0.05505121504348881,45.18518518518518,0.8305658599273685,0.981701614766611,-0.05884500024390054,32.557649981143854,61.81622099084338,27.519588759181435,39.31999679526874,393
UJJIVANSFB,1369,76.46000000000008,-0.03393978988698082,40.102264426588754,0.8945035364419817,1.127498082364028,-0.035775542619023465,44.78170129499666,32.96774886760439,39.89845906587573,39.2842186751306,394
HINDCOPPER,1396,438.8500000000006,-0.058071772262501035,45.12893982808023,0.8378576803062341,0.9801604926757057,-0.05470054580704225,30.808670640909607,61.496996534361394,28.931346328273843,39.26423868389084,395
LICI,1230,1830.3500000000004,-0.04300094908867399,44.06504065040651,0.8257488415504092,1.025330203622556,-0.05372600146591195,39.5350599989522,55.45876237201489,26.586973609493995,39.13293615508773,396
LATENTVIEW,1421,812.7000000000011,-0.04530111831709575,42.78676988036594,0.856094053047548,1.113767098619425,-0.05182635418376768,38.2032036003279,48.20384725001535,32.46206100755478,38.906939658124884,397
APTECHT,1397,535.5000000000002,-0.05219029873074474,43.020758768790266,0.8625908561219394,1.1051496825522353,-0.046825469933756844,34.21419318238962,49.531867544929575,33.719896560081345,38.611776842228295,398
J&KBANK,1439,175.4699999999998,-0.04694691488570711,42.18207088255733,0.8681291027905655,1.084088731326604,-0.04205395646532824,37.25024559025883,44.7718358121567,34.79214755471572,38.523483442610946,399
ELGIEQUIP,1406,1067.8399999999992,-0.05387765975024982,43.45661450924609,0.8554110010964375,1.0962140979681023,-0.048687982759174506,33.23716829967739,52.00559727149048,32.329816422257736,38.50475624025346,400
ARIHANTCAP,1471,142.45999999999998,-0.060016937973153994,43.23589394969409,0.8730592085404704,1.0405328303045227,-0.04209696696584655,29.682370294784526,50.752882304708294,35.7466573680714,38.42923872707641,401
BIRLACABLE,1451,545.7600000000006,-0.0529755522290492,42.31564438318401,0.8756777931903702,1.1409482647431533,-0.04003489904084626,33.75951146448119,45.52994155337154,36.25363731378153,38.28829083086843,402
RCF,1434,426.7200000000004,-0.05261677811382779,42.53835425383542,0.8694779926563837,1.1331721379702049,-0.04259003485473158,33.96725078866399,46.79394699437543,35.053303943518195,38.24968091231911,403
SCI,1392,503.58000000000044,-0.05488604521580585,42.74425287356322,0.8666740520966676,1.1026424494742477,-0.04203086540216441,32.65328750604465,47.962539005451944,34.51043753941181,37.988922969213704,404
TITAGARH,1381,2428.6500000000005,-0.0672053846840002,44.5329471397538,0.8518681396728481,1.0319378277337754,-0.05064261981722775,25.52007709056699,58.1143983646455,31.643888742868576,37.747898133711175,405
IDBI,1375,196.41000000000014,-0.04597937167160019,41.52727272727273,0.8668492127414582,1.1021585436957944,-0.040967501579644884,37.81047768306792,41.055483103504145,34.544350109009244,37.47752827957532,406
RTNINDIA,1377,171.82,-0.05002980481099447,40.95860566448802,0.8875851050693262,1.1692832146569314,-0.035093287093660754,35.46517403008255,37.827973431942986,38.558992739346124,37.41154133434611,407
NUVOCO,1466,546.5400000000004,-0.047995738863210784,42.905866302864936,0.8333544910889633,1.0678596499486557,-0.05691858690026209,36.642949871227195,48.879787322193174,28.059491135438385,36.88061761220147,408
GRINFRA,1492,1181.0099999999957,-0.057291903631003574,44.43699731903485,0.815414286332646,0.9962074991394316,-0.06778535702925757,31.260234384182073,57.569828449098615,24.586117061495692,36.48346567458248,409
HIKAL,1403,936.2500000000009,-0.05681344405285881,42.8367783321454,0.8450884246388697,1.1010053851784274,-0.04997560749106592,31.537274630943575,48.48767371428714,30.331279062678156,36.139996128640476,410
DBL,1406,1139.85,-0.05173088984288856,40.896159317211946,0.8703790594409507,1.2336677103380431,-0.036820502453845605,34.48020259566046,37.47355482222039,35.227758028681514,35.677230436836865,411
APOLLO,1461,208.21999999999986,-0.04072029735136779,37.782340862423,0.9108545887357595,1.2326238728000225,-0.027548713955882258,40.85561527455206,19.80086048838015,43.06415989762852,35.42260668793107,412
JKTYRE,1392,753.450000000001,-0.06354574012045337,43.75,0.8303507446281893,1.0389610302244336,-0.05976906702779003,27.639104233624085,53.67072713546934,27.47794063346455,35.38412566411385,413
JINDALSAW,1394,445.27,-0.06549751427591712,43.54375896700143,0.8383888739272538,1.0027517668388573,-0.05864939429903905,26.50897743012472,52.50019173393572,29.034189867495098,35.31642669621617,414
BLISSGVS,1463,242.41999999999976,-0.048232581687578914,40.054682159945315,0.876081536769173,1.2289061829765533,-0.038933212297600786,36.505811861029834,32.69769238669188,36.331805456129004,35.293773456768115,415
IEX,1379,469.17000000000087,-0.06159932011006644,43.944887599709936,0.8152804429936071,0.9982476711241857,-0.06024607135330165,28.76613085114948,54.77682533263061,24.560203868747777,34.88696840263314,416
CENTRALBK,1392,113.12999999999997,-0.04636493367487382,39.72701149425287,0.8735435641791225,1.0931141888100413,-0.04032975222484978,37.58722749139454,30.837974615399705,35.84043268115805,34.86373370450149,417
CSLFINANCE,1321,113.13000000000045,-0.06629146793388864,43.073429220287665,0.843614685987092,1.0319082977979193,-0.0549001116252338,26.049258098818783,49.8308023747066,30.04595090202551,34.78239850286782,418
JPPOWER,1458,31.610000000000035,-0.024707592873101265,34.29355281207133,0.9419719270466856,1.1793488526624505,-0.018819700602550074,50.12737782799341,0.0,49.08873752131564,34.67370835692428,419
NFL,1358,279.42999999999995,-0.06409868157501493,42.56259204712813,0.8475833475420718,1.077809274123569,-0.04847640899452795,27.318937088866775,46.93151028472398,30.81431705729282,34.60086103499435,420
TEJASNET,1465,2353.6399999999985,-0.05613065089163401,41.29692832764505,0.8573654822766509,1.1748032806732953,-0.04499420194833444,31.93262921158811,39.74814735954925,32.708220367562284,34.587521118366126,421
INOXINDIA,670,1245.3400000000033,-0.07030389646996107,44.62686567164179,0.8148729466093839,0.9947445669311877,-0.06322404558500634,23.725960076326132,58.64743955842053,24.4813091518027,34.504543551145076,422
NBCC,1376,157.52000000000004,-0.06421806864521973,42.73255813953488,0.840092320158164,1.0243982883561287,-0.054524122917336604,27.249808943250127,47.896164724870324,29.363991341623507,34.28938863708554,423
TATAELXSI,1418,10705.360000000008,-0.05010873022125656,43.01833568406206,0.7991904377899425,1.0520490517136456,-0.06508625459203808,35.419474213141804,49.51811515815162,21.44504394258626,34.05929438842253,424
GMDCLTD,1383,1129.2500000000005,-0.0638158454635775,41.64859002169197,0.8540298117408969,1.1639121566260486,-0.04484891779573385,27.48270638032817,41.7440278895312,32.062406581405654,33.592982913520075,425
MAHLIFE,1528,717.2200000000007,-0.06160858112442653,42.67015706806283,0.8242859967822865,1.0746059774002201,-0.06282894324768164,28.76076848864118,47.542003081138766,26.303754596064916,33.41233330935995,426
NIACL,1338,675.4999999999999,-0.05957652007649994,41.106128550074736,0.8529182721509407,1.1754764550734784,-0.044031705953525416,29.937383441851896,38.66524988272978,31.8472031962517,33.31967127587518,427
ONMOBILE,1388,335.1700000000001,-0.061555741932241725,40.63400576368876,0.8633304277626003,1.1954983405719695,-0.04399706654406394,28.791363722826517,35.98568400148582,33.86308383120712,32.97834784977655,428
BRIGADE,1458,1571.1400000000012,-0.07400703493108864,44.8559670781893,0.7948765814359763,0.9553103868634212,-0.07521826871551425,21.581748861993653,59.94772060824863,20.60984517969015,32.702778912948745,429
RENUKA,1410,135.1099999999999,-0.05652407218700246,40.14184397163121,0.8579992720287478,1.1535997279397123,-0.04731301273224278,31.704828290196318,33.19238534258322,32.8309273780544,32.60153504105562,430
DREAMFOLKS,1156,505.04000000000076,-0.06036371085453134,42.1280276816609,0.8186101550198845,1.0909198985788604,-0.06166056093592337,29.481579989782187,44.46510984719364,25.20486403750614,32.26595256609521,431
IREDA,633,194.83000000000078,-0.057048665908635915,39.494470774091624,0.8638712829029621,1.2439746473802653,-0.04108462221659659,31.40107520272673,29.518173500707125,33.96779792158727,31.862893779665065,432
MAHABANK,1425,86.62000000000005,-0.05408816957726083,39.859649122807014,0.8475375760194271,1.0668826881230464,-0.04997251900605248,33.115277763705706,31.590768749238084,30.805455306703116,31.733996076564384,433
HAPPSTMNDS,1405,1455.3799999999985,-0.05096917987121227,41.20996441281139,0.8069791584163031,1.135903305888233,-0.061390502173365134,34.921252013737,39.25457758107815,22.953005566227006,31.433951104935346,434
TEXINFRA,1595,144.61999999999992,-0.07165434851412504,41.88087774294671,0.8355125130597941,1.0543967792056983,-0.05630491701421354,22.94401404651635,43.06239309124219,28.477302284547097,31.1928430551464,435
IRCTC,1405,1415.399999999999,-0.061633021762089436,44.83985765124555,0.7450559263163825,0.902345510760952,-0.09277555972617284,28.746616738737053,59.856290429385005,10.964148589839215,30.966531586372305,436
KPIL,1463,463.86999999999733,-0.07704966748182064,44.70266575529733,0.7772460093161674,0.9471942957568584,-0.0809378044146019,19.819987344065936,59.077648232552995,17.196418580522856,30.54785810519482,437
DEEPINDS,1463,909.1500000000005,-0.07346862015888923,41.62679425837321,0.8324692903768527,1.1318301681971004,-0.059470046386279334,21.893504688741945,41.620324511027285,27.88810885494362,30.209392301908217,438
JIOFIN,754,338.4099999999996,-0.061333725864757056,41.37931034482759,0.7996930530723662,1.089325472935114,-0.05898008457498252,28.919916664246287,40.21571225757118,21.542354475818783,29.357630466872756,439
BEL,1434,408.23000000000064,-0.06874962916107541,43.23570432357043,0.771664028376067,0.9434215056597723,-0.07722975856359185,24.62592032052619,50.751806068386315,16.11570026420822,29.059598022357036,440
YESBANK,1410,37.93000000000001,-0.04442948679126199,36.80851063829787,0.8574073061062213,1.0556517699458101,-0.04497795988074833,38.70790038984234,14.273818968811195,32.71631781167043,28.98104293226423,441
WELSPUNLIV,1380,302.1499999999996,-0.0729952568409458,41.52173913043478,0.8166338680853815,1.0831443974605408,-0.06031727364775196,22.16759407142166,41.02407678778481,24.822238315324384,28.886396583891695,442
DPABHUSHAN,1582,508.2999999999986,-0.08149543055721921,42.16182048040455,0.8172827627223901,1.0157832238333753,-0.06211754926445127,17.245777618288553,44.656903238989806,24.94786975819364,28.549952160460965,443
DWARKESH,1425,175.41999999999982,-0.06892623591569363,41.26315789473684,0.8017178043389912,1.0553224159156107,-0.0680141838592923,24.52366052447634,39.55648090661578,21.93436329908495,27.997787748961613,444
NETWEB,775,2394.560000000004,-0.08460346683605571,41.677419354838705,0.8212334328666391,1.1136230451875786,-0.06300840277224969,15.446145680787568,41.907650785325615,25.712752625480977,27.491239990026347,445
APOLLOPIPE,1450,1272.9000000000003,-0.0685286325699362,41.10344827586207,0.7968902976004796,1.113774526679865,-0.0673952608184251,24.753882959251197,38.65003779905212,20.999717514653447,27.421063233352378,446
INOXWIND,1441,227.89999999999986,-0.08690262357360654,41.98473282442748,0.8176790521723704,1.0014878969582255,-0.06562824707434328,14.114875540090896,43.651829866916444,25.024594718696324,27.33984950958073,447
3IINFOLTD,1361,120.64000000000016,-0.054714573022633765,36.29684055841293,0.8639345777591162,1.3343766858911048,-0.04067999471877634,32.752574260619255,11.36979965847828,33.98005233648196,26.828733110322045,448
EASEMYTRIP,1363,47.43999999999993,-0.05917350548315107,37.85766691122524,0.8373889354146027,1.1749410644189386,-0.05367185422551001,30.170739126406872,20.228378744561894,28.840593386710438,26.655972715974805,449
SAMMAANCAP,1388,471.44999999999976,-0.09645353795116071,43.51585014409222,0.7812102827011111,0.985566614930872,-0.07563706015632159,8.584653559342897,52.34179325834919,17.963935149275287,25.463508105017745,450
ACLGATI,1439,323.5000000000002,-0.07910031713298663,41.139680333564975,0.7805421833472501,1.0679715684312037,-0.07741135149345592,18.63260911750126,38.855675375605344,17.834585512187026,24.38031955280679,451
ANGELONE,1343,7781.089999999998,-0.09760275742070237,42.88905435591958,0.7750927658885309,1.0267287853697034,-0.07936730335453006,7.919226300765549,48.784369941945776,16.779532597445858,23.72289191179174,452
SIGNATURE,781,1490.7899999999995,-0.08482144367484325,42.765685019206146,0.744854611120159,0.9656348701048768,-0.08672595104595761,15.319931555364166,48.08417864641535,10.925172279771905,23.39130197244262,453
TTML,1339,224.21000000000004,-0.07365064964083484,38.237490664675136,0.8193541636246847,1.1442152870930655,-0.056951630791956885,21.78810499585332,22.384095011555022,25.348910342094342,23.391224139060242,454
SHRIRAMPPS,1460,220.25000000000009,-0.09573055936630685,41.57534246575342,0.7625675320450811,1.0050313437167462,-0.08475354217175021,9.0032765208224,41.328306264909195,14.354542298124507,20.84129175496928,455
RAJESHEXPO,1408,982.6900000000014,-0.09058815881741189,41.122159090909086,0.759165029659046,1.067289005427398,-0.07652649064458576,11.980857035641353,38.75623233796443,13.69578930535161,20.699442534222378,456
IDEA,1479,38.49000000000001,-0.06938148129245934,35.294117647058826,0.8384242359735001,1.0472272066182415,-0.0529859061823996,24.2600618898639,5.678775672591927,29.041036256168017,20.598065771203956,457
SWSOLAR,1423,810.9399999999997,-0.09701533269944825,41.321152494729446,0.7610652326190185,1.0380515587762804,-0.09048916005803195,8.259360132678955,39.88563331339991,14.063684532081036,20.068971846656073,458
TATATECH,682,813.5200000000009,-0.07955027482054951,42.375366568914956,0.6884253801981159,0.9242527595739412,-0.11679545401360165,18.37207218922403,45.868898993792854,0.0,19.272291354905065,459
DELTACORP,1414,431.70999999999987,-0.11127957773612425,44.271570014144274,0.7059588681109586,0.8615855834453233,-0.10549146753915346,0.0,56.630934214816634,3.3946302826231975,18.34713237749427,460
ASHOKA,1382,311.7600000000006,-0.11069171026416803,42.90882778581766,0.7189111359662534,0.9068221411513617,-0.1008989076880236,0.3403901958140639,48.89659542573492,5.902297947425105,17.132014865434737,461
IRB,1388,115.85000000000016,-0.10025204122650315,39.3371757925072,0.7514583819202623,1.0129548884492914,-0.09145300503096197,6.385223695683974,28.62543483589729,12.203717680947516,15.384684631853386,462
