threshold,total_trades,num_wins,num_losses,win_rate_pct,profit_factor,avg_win_pct,avg_loss_pct,total_return_pct,sharpe_ratio,avg_duration_minutes,losers_to_winners_count,winners_to_losers_count,net_outcome_improvement,window_id,window_start,window_end,window_num_trades,trade_type
0.5,653,312,319,47.77947932618683,1.8505038365365951,0.47764838208105387,0.2524539859889971,68.49347367879872,2.7455810473602407,50.80398162327718,10,6,4,1,2024-01-01 09:15:00,2024-01-31 09:15:00,1378,Buy
0.6,653,312,319,47.77947932618683,1.8560358604911849,0.47764838208105387,0.25170153204796536,68.73350648598785,2.7557452656091033,50.781010719754974,10,6,4,1,2024-01-01 09:15:00,2024-01-31 09:15:00,1378,Buy
0.7,653,313,318,47.93261868300153,1.8893564427656324,0.4768812124211269,0.24843542993045473,70.26135276992815,2.8287422765124184,50.71209800918836,11,6,5,1,2024-01-01 09:15:00,2024-01-31 09:15:00,1378,Buy
0.8,653,314,316,48.085758039816234,1.9193567671654774,0.47743847974331544,0.24717484801635764,71.80843066623203,2.894911138283825,50.57427258805513,12,6,6,1,2024-01-01 09:15:00,2024-01-31 09:15:00,1378,Buy
0.9,653,321,309,49.15773353751914,1.996231397814256,0.47369031711884774,0.24650752319008953,75.88376712941245,3.06662375845223,50.1301684532925,20,7,13,1,2024-01-01 09:15:00,2024-01-31 09:15:00,1378,Buy
0.95,653,335,296,51.301684532924966,2.1001292364189004,0.4632769999525265,0.249659338032133,81.29863092658502,3.2859793714143284,49.60949464012251,34,7,27,1,2024-01-01 09:15:00,2024-01-31 09:15:00,1378,Buy
0.5,681,343,309,50.36710719530103,2.508947037436417,0.5405798407714276,0.23916850726456218,111.51581663984996,4.104931639468101,50.565345080763585,9,5,4,2,2024-01-16 09:15:00,2024-02-15 09:15:00,1427,Buy
0.6,681,344,308,50.51395007342144,2.5237675331001888,0.5391708189292512,0.23860786577216778,111.98353905383476,4.124456432187317,50.543318649045524,10,5,5,2,2024-01-16 09:15:00,2024-02-15 09:15:00,1427,Buy
0.7,681,344,306,50.51395007342144,2.6153310056705874,0.5402200382432784,0.23221006651415282,114.779412802357,4.253893691123678,50.42584434654919,11,6,5,2,2024-01-16 09:15:00,2024-02-15 09:15:00,1427,Buy
0.8,681,345,305,50.66079295154186,2.6329189166638507,0.5392207913052693,0.2316585855613957,115.3753044040922,4.279832686848705,50.33773861967695,12,6,6,2,2024-01-16 09:15:00,2024-02-15 09:15:00,1427,Buy
0.9,681,351,298,51.541850220264315,2.7336885706756853,0.5352991028990237,0.23064196577731377,119.15867931591784,4.429649179540008,49.95594713656388,20,8,12,2,2024-01-16 09:15:00,2024-02-15 09:15:00,1427,Buy
0.95,681,369,282,54.18502202643172,2.8830662498852675,0.5192843641961474,0.23568279600909145,125.15338191381461,4.670287882115669,49.40528634361233,39,9,30,2,2024-01-16 09:15:00,2024-02-15 09:15:00,1427,Buy
0.5,795,410,351,51.57232704402516,2.619210657592652,0.4644632079235287,0.20713697445680695,117.72483721430751,4.3345945201292855,48.0125786163522,7,5,2,3,2024-01-31 09:15:00,2024-03-01 09:15:00,1588,Buy
0.6,795,413,348,51.9496855345912,2.6555672344892853,0.4616842768473302,0.20632820058214985,118.87339253535926,4.382634700005126,47.9496855345912,11,6,5,3,2024-01-31 09:15:00,2024-03-01 09:15:00,1588,Buy
0.7,795,413,346,51.9496855345912,2.734648907504011,0.4625095838087138,0.20187991470237687,121.1660076259764,4.487199888068195,47.84276729559748,12,7,5,3,2024-01-31 09:15:00,2024-03-01 09:15:00,1588,Buy
0.8,795,415,344,52.20125786163522,2.7985857032170425,0.4614818438416403,0.1989324641169288,123.08219753805722,4.568143423009494,47.742138364779876,15,8,7,3,2024-01-31 09:15:00,2024-03-01 09:15:00,1588,Buy
0.9,795,425,333,53.459119496855344,2.9821888770211125,0.4548962630691937,0.19468026093031185,128.50238491461346,4.791829810392142,47.37106918238994,28,11,17,3,2024-01-31 09:15:00,2024-03-01 09:15:00,1588,Buy
0.95,795,434,323,54.59119496855346,3.246079693404136,0.4530950548305289,0.18755012225045375,136.06456430955302,5.110674938328542,46.899371069182386,39,13,26,3,2024-01-31 09:15:00,2024-03-01 09:15:00,1588,Buy
0.5,738,367,343,49.728997289972895,1.965187079219322,0.416133738356032,0.22656925265296934,75.00782831669528,3.248927899564683,64.65447154471545,4,2,2,4,2024-02-15 09:15:00,2024-03-16 09:15:00,1497,Buy
0.6,738,369,341,50.0,1.9797291306159437,0.4143926740891644,0.22650525523192408,75.67260470481554,3.279921789886444,64.60027100271003,7,3,4,4,2024-02-15 09:15:00,2024-03-16 09:15:00,1497,Buy
0.7,738,370,340,50.135501355013545,1.999961764902183,0.4132508178734458,0.22486136146450916,76.44993971524181,3.3206797240755113,64.53252032520325,8,3,5,4,2024-02-15 09:15:00,2024-03-16 09:15:00,1497,Buy
0.8,738,372,338,50.40650406504065,2.0568740569958854,0.41242890686431627,0.2206823683638635,78.83291284653977,3.4472777330054454,64.3970189701897,11,4,7,4,2024-02-15 09:15:00,2024-03-16 09:15:00,1497,Buy
0.9,738,380,330,51.490514905149055,2.1754194671857463,0.40639110177872595,0.21511507008095654,83.44064554920021,3.673051476234465,64.05149051490515,21,6,15,4,2024-02-15 09:15:00,2024-03-16 09:15:00,1497,Buy
0.95,738,390,320,52.84552845528455,2.4213840037912315,0.4048942811293847,0.20379456722015393,92.69450813001075,4.113497038347565,63.550135501355015,32,7,25,4,2024-02-15 09:15:00,2024-03-16 09:15:00,1497,Buy
0.5,617,312,283,50.56726094003241,2.087646092866992,0.4479277986793044,0.23654800919235067,72.81038658650773,3.614531278776901,73.57374392220422,2,2,0,5,2024-03-01 09:15:00,2024-03-31 09:15:00,1193,Buy
0.6,617,313,282,50.72933549432739,2.113754411993039,0.44842230388956605,0.2354658381755191,73.95481475193779,3.675003264209815,73.54132901134521,3,2,1,5,2024-03-01 09:15:00,2024-03-31 09:15:00,1193,Buy
0.7,617,315,280,51.053484602917344,2.1438282481640605,0.4461755241565535,0.2341360438299954,74.98719783691564,3.7332363105519635,73.47649918962723,5,2,3,5,2024-03-01 09:15:00,2024-03-31 09:15:00,1193,Buy
0.8,617,316,279,51.21555915721232,2.2256183421269933,0.4451409374648232,0.22653208569987315,77.46208432861954,3.902487666363639,73.322528363047,6,2,4,5,2024-03-01 09:15:00,2024-03-31 09:15:00,1193,Buy
0.9,617,324,269,52.51215559157212,2.434626584257395,0.44064655181472,0.2179971150953212,84.1282588273279,4.276379962376227,72.9578606158833,14,2,12,5,2024-03-01 09:15:00,2024-03-31 09:15:00,1193,Buy
0.95,617,339,255,54.94327390599676,2.6657461105975973,0.43282417059374256,0.2158500924558775,91.68562025502999,4.677638734130861,72.38249594813614,29,2,27,5,2024-03-01 09:15:00,2024-03-31 09:15:00,1193,Buy
0.5,570,286,260,50.175438596491226,2.347054629743701,0.4185059238659533,0.19614222456458957,68.69571583886938,3.934378837779566,52.70175438596491,3,6,-3,6,2024-03-16 09:15:00,2024-04-15 09:15:00,1126,Buy
0.6,570,287,259,50.35087719298246,2.3873151240321295,0.4191477427008845,0.1945537091046428,69.90599149705136,4.0091467866570705,52.64912280701754,4,6,-2,6,2024-03-16 09:15:00,2024-04-15 09:15:00,1126,Buy
0.7,570,288,258,50.526315789473685,2.4296830277264543,0.41829568485925184,0.19217927303848728,70.88690479553483,4.076436017299459,52.59649122807018,5,6,-1,6,2024-03-16 09:15:00,2024-04-15 09:15:00,1126,Buy
0.8,570,290,256,50.877192982456144,2.5338378566829616,0.4165996932266539,0.18625080477766637,73.13370501264704,4.240749459932025,52.421052631578945,7,6,1,6,2024-03-16 09:15:00,2024-04-15 09:15:00,1126,Buy
0.9,570,295,248,51.75438596491229,2.73886041004073,0.4174036738359265,0.1812828432310542,78.17593866029688,4.554548811664611,52.05263157894737,13,7,6,6,2024-03-16 09:15:00,2024-04-15 09:15:00,1126,Buy
0.95,570,310,232,54.385964912280706,2.953397666738341,0.40852526214940205,0.18482924898578998,83.76244550161137,4.893428816188007,51.44736842105263,28,7,21,6,2024-03-16 09:15:00,2024-04-15 09:15:00,1126,Buy
0.5,587,310,253,52.81090289608177,2.2631953585439635,0.38755122777599527,0.20982065863669072,67.05625397547578,3.6441870073186036,52.453151618398635,4,5,-1,7,2024-03-31 09:15:00,2024-04-30 09:15:00,1221,Buy
0.6,587,310,253,52.81090289608177,2.2660061690224147,0.38755122777599527,0.2095603918669202,67.12210146822773,3.648134770718797,52.43611584327087,4,5,-1,7,2024-03-31 09:15:00,2024-04-30 09:15:00,1221,Buy
0.7,587,310,253,52.81090289608177,2.276324612715539,0.3875940046815995,0.20863349299593498,67.36986772332429,3.664617815328214,52.393526405451446,4,5,-1,7,2024-03-31 09:15:00,2024-04-30 09:15:00,1221,Buy
0.8,587,313,251,53.32197614991482,2.3250524171180356,0.38572979955664755,0.20688121558983738,68.80624214818151,3.750974759503767,52.24872231686542,7,5,2,7,2024-03-31 09:15:00,2024-04-30 09:15:00,1221,Buy
0.9,587,314,250,53.4923339011925,2.4584784182863184,0.3872529870765052,0.19784178219759532,72.1369923926238,3.9591717491166896,51.95059625212947,10,7,3,7,2024-03-31 09:15:00,2024-04-30 09:15:00,1221,Buy
0.95,587,326,237,55.5366269165247,2.6207373320254157,0.37919987680469247,0.19902789347391847,76.44954908501107,4.216325154514744,51.465076660988075,23,8,15,7,2024-03-31 09:15:00,2024-04-30 09:15:00,1221,Buy
0.5,636,325,281,51.100628930817614,1.9216779340139614,0.4146496184259927,0.2495615692538293,64.6343250281216,3.059602420768683,51.831761006289305,8,3,5,8,2024-04-15 09:15:00,2024-05-15 09:15:00,1248,Buy
0.6,636,326,280,51.257861635220124,1.9257725165425237,0.41342116666528894,0.24994663398557262,64.79024281692386,3.0674315869957764,51.82389937106918,9,3,6,8,2024-04-15 09:15:00,2024-05-15 09:15:00,1248,Buy
0.7,636,329,277,51.729559748427675,1.9305042804530537,0.410830580637211,0.2527598699873504,65.14877704314637,3.0838505967367316,51.7688679245283,12,3,9,8,2024-04-15 09:15:00,2024-05-15 09:15:00,1248,Buy
0.8,636,330,276,51.886792452830186,2.0240427364735822,0.4101272172293967,0.2422723048405532,68.47482554970824,3.276722576331,51.63522012578616,13,3,10,8,2024-04-15 09:15:00,2024-05-15 09:15:00,1248,Buy
0.9,636,337,271,52.987421383647806,2.2189845452340777,0.4055629147681279,0.227281751840843,75.08134752799064,3.6467092172607476,51.312893081761004,21,4,17,8,2024-04-15 09:15:00,2024-05-15 09:15:00,1248,Buy
0.95,636,347,260,54.55974842767296,2.4187048565261304,0.4037243891708246,0.22277078556236413,82.17195879606146,4.012480898000542,50.84119496855346,34,7,27,8,2024-04-15 09:15:00,2024-05-15 09:15:00,1248,Buy
0.5,693,341,325,49.2063492063492,1.7380405248136135,0.41446553483779786,0.25020704967977664,60.01545623376167,2.591509826908052,71.76767676767676,13,3,10,9,2024-04-30 09:15:00,2024-05-30 09:15:00,1375,Buy
0.6,693,342,324,49.35064935064935,1.7428231579933393,0.4136684923891073,0.25054181389370894,60.29907669551299,2.603977084152212,71.75324675324676,14,3,11,9,2024-04-30 09:15:00,2024-05-30 09:15:00,1375,Buy
0.7,693,345,321,49.78354978354979,1.7688231706049469,0.41136400916075083,0.24995160856602033,61.68611681076652,2.670800080564036,71.68109668109668,17,3,14,9,2024-04-30 09:15:00,2024-05-30 09:15:00,1375,Buy
0.8,693,346,319,49.92784992784993,1.8454886511844297,0.4104097018020129,0.24120797103179967,65.05641406435237,2.844301972640667,71.53679653679653,18,3,15,9,2024-04-30 09:15:00,2024-05-30 09:15:00,1375,Buy
0.9,693,354,311,51.082251082251084,1.9934374682413825,0.40510579912799577,0.231317620550177,71.46767290020547,3.1588689735212063,71.16161616161617,29,6,23,9,2024-04-30 09:15:00,2024-05-30 09:15:00,1375,Buy
0.95,693,364,301,52.52525252525253,2.2475709813852136,0.4067555134932144,0.21885421750161546,82.18388744354377,3.6653625014959514,70.59163059163059,42,9,33,9,2024-04-30 09:15:00,2024-05-30 09:15:00,1375,Buy
0.5,730,383,320,52.465753424657535,2.630066519239198,0.536237784652957,0.24402789580096435,127.29014486577397,4.211684937236905,72.28767123287672,13,2,11,10,2024-05-15 09:15:00,2024-06-14 09:15:00,1418,Buy
0.6,730,384,319,52.602739726027394,2.675831405440643,0.5354006991682924,0.24085780748696536,128.76022789228233,4.270974246650448,72.23972602739725,14,2,12,10,2024-05-15 09:15:00,2024-06-14 09:15:00,1418,Buy
0.7,730,385,318,52.73972602739726,2.7466001853917965,0.534546544630519,0.2356262606111752,130.8712688083961,4.356195561477535,72.17123287671232,15,2,13,10,2024-05-15 09:15:00,2024-06-14 09:15:00,1418,Buy
0.8,730,386,317,52.87671232876713,2.782589874261788,0.5340771975907033,0.23371300433201833,132.06677589676167,4.4019030588071315,72.04109589041096,16,2,14,10,2024-05-15 09:15:00,2024-06-14 09:15:00,1418,Buy
0.9,730,389,312,53.28767123287671,2.9106583845824487,0.5318555442270771,0.22782294500462932,135.81104786288867,4.543462600971647,71.68493150684931,22,5,17,10,2024-05-15 09:15:00,2024-06-14 09:15:00,1418,Buy
0.95,730,398,304,54.52054794520548,3.18630946421904,0.5253336600203031,0.2158523411645934,143.46368497404424,4.8403705705811815,71.23287671232876,33,7,26,10,2024-05-15 09:15:00,2024-06-14 09:15:00,1418,Buy
0.5,731,367,329,50.20519835841313,2.6111412585138623,0.5443713360186745,0.23256001591675984,123.27203508223954,4.261972153080873,49.3844049247606,13,3,10,11,2024-05-30 09:15:00,2024-06-29 09:15:00,1431,Buy
0.6,731,368,328,50.341997264021884,2.6656671851380227,0.5431287353381691,0.22859715960123633,124.8915062552407,4.331537957197053,49.316005471956224,14,3,11,11,2024-05-30 09:15:00,2024-06-29 09:15:00,1431,Buy
0.7,731,371,325,50.752393980848154,2.7290124721417532,0.5409921953259165,0.22629555733469858,127.16204833213799,4.419813662865869,49.240766073871406,17,3,14,11,2024-05-30 09:15:00,2024-06-29 09:15:00,1431,Buy
0.8,731,373,323,51.02599179206566,2.7952237883999174,0.5401046544447442,0.2231349735505692,129.38643965105575,4.506584796772287,49.11764705882353,19,3,16,11,2024-05-30 09:15:00,2024-06-29 09:15:00,1431,Buy
0.9,731,378,317,51.70998632010944,2.905672363548539,0.5370929311333955,0.22041204874744352,133.15050851548392,4.654260234877541,48.79616963064296,24,3,21,11,2024-05-30 09:15:00,2024-06-29 09:15:00,1431,Buy
0.95,731,393,303,53.76196990424077,3.1171991973359834,0.5246061586716065,0.21828241542591512,140.03064848388908,4.919363260697184,48.39945280437757,41,5,36,11,2024-05-30 09:15:00,2024-06-29 09:15:00,1431,Buy
0.5,372,175,181,47.043010752688176,1.7310252117868763,0.389963744577149,0.21781125257533868,28.81981858486478,2.7759406535507796,45.71236559139785,7,2,5,12,2024-06-14 09:15:00,2024-07-14 09:15:00,744,Buy
0.6,372,175,181,47.043010752688176,1.7432778571452991,0.389963744577149,0.21628036407013518,29.09690940430661,2.8066210052775062,45.65860215053763,7,2,5,12,2024-06-14 09:15:00,2024-07-14 09:15:00,744,Buy
0.7,372,177,179,47.58064516129033,1.7842952181150997,0.3895202986876148,0.2158656889672431,30.305134542571302,2.9253320148158863,45.57795698924731,9,2,7,12,2024-06-14 09:15:00,2024-07-14 09:15:00,744,Buy
0.8,372,179,177,48.11827956989247,1.8560183712644291,0.3878425675165258,0.21132601674743182,32.0191146211627,3.1044264185299366,45.456989247311824,11,2,9,12,2024-06-14 09:15:00,2024-07-14 09:15:00,744,Buy
0.9,372,183,173,49.193548387096776,1.9737262822433281,0.386122212045857,0.206939239107692,34.85987643876113,3.404905322549297,45.094086021505376,15,2,13,12,2024-06-14 09:15:00,2024-07-14 09:15:00,744,Buy
0.95,372,194,163,52.1505376344086,2.133711671199949,0.3765284843779083,0.21002753191987736,38.81203826637423,3.7869290547615866,44.6505376344086,27,3,24,12,2024-06-14 09:15:00,2024-07-14 09:15:00,744,Buy
0.5,725,386,301,53.241379310344826,2.3525386309185468,0.42956466450501263,0.23415993829858017,95.32981907106225,4.191583444326783,49.66206896551724,6,10,-4,1,2024-01-01 09:15:00,2024-01-31 09:15:00,1378,Sell
0.6,725,386,301,53.241379310344826,2.3546100947207025,0.42956466450501263,0.23395393653328236,95.39182560241687,4.19458721087369,49.6551724137931,6,10,-4,1,2024-01-01 09:15:00,2024-01-31 09:15:00,1378,Sell
0.7,725,387,300,53.37931034482759,2.431815430988826,0.42851723513004186,0.2273146334518403,97.64177995977411,4.319197136205663,49.6,7,10,-3,1,2024-01-01 09:15:00,2024-01-31 09:15:00,1378,Sell
0.8,725,390,297,53.79310344827586,2.4626219734689396,0.4265190848030622,0.2274305889970063,98.79555814108338,4.374400486570603,49.50344827586207,10,10,0,1,2024-01-01 09:15:00,2024-01-31 09:15:00,1378,Sell
0.9,725,396,290,54.62068965517241,2.646446509585451,0.42488708993368657,0.21923384615652552,104.6774722283475,4.688618803213393,49.06206896551724,18,12,6,1,2024-01-01 09:15:00,2024-01-31 09:15:00,1378,Sell
0.95,725,400,284,55.172413793103445,2.8989202854197997,0.4258107381603901,0.206881657645122,111.56990449294136,5.063442803323195,48.57241379310345,26,16,10,1,2024-01-01 09:15:00,2024-01-31 09:15:00,1378,Sell
0.5,746,374,325,50.134048257372655,2.0916745662650733,0.484249805586859,0.2664180103649637,94.52357392087208,3.6869824767051007,47.43967828418231,12,8,4,2,2024-01-16 09:15:00,2024-02-15 09:15:00,1427,Sell
0.6,746,374,325,50.134048257372655,2.090758532398328,0.484249805586859,0.26653473734056776,94.48563765380078,3.685171723142868,47.43297587131367,12,8,4,2,2024-01-16 09:15:00,2024-02-15 09:15:00,1427,Sell
0.7,746,377,322,50.53619302949062,2.141249539700369,0.48058631089468345,0.2627783564562973,96.56640842836796,3.781828521123424,47.365951742627345,15,8,7,2,2024-01-16 09:15:00,2024-02-15 09:15:00,1427,Sell
0.8,746,380,319,50.93833780160858,2.1671579734226234,0.4778085747442317,0.26263722608582335,97.78598328143042,3.8327096892669235,47.25201072386059,18,8,10,2,2024-01-16 09:15:00,2024-02-15 09:15:00,1427,Sell
0.9,746,390,309,52.27882037533512,2.3563180027115442,0.47261430130331095,0.2531506725303713,106.09601969640656,4.208457977682876,46.85656836461126,28,8,20,2,2024-01-16 09:15:00,2024-02-15 09:15:00,1427,Sell
0.95,746,401,298,53.75335120643432,2.5623713336361993,0.47145144805315325,0.24758425102292075,115.27192386448408,4.6034144475592536,46.3739946380697,43,12,31,2,2024-01-16 09:15:00,2024-02-15 09:15:00,1427,Sell
0.5,793,363,367,45.775535939470366,1.737633136967241,0.4144281091687269,0.23590202835553267,63.86135922176737,2.8471549207452647,43.94073139974779,17,8,9,3,2024-01-31 09:15:00,2024-03-01 09:15:00,1588,Sell
0.6,793,364,366,45.90163934426229,1.7444997598352459,0.4133806716986253,0.235667421910762,64.2162880789607,2.8644539800838373,43.915510718789406,18,8,10,3,2024-01-31 09:15:00,2024-03-01 09:15:00,1588,Sell
0.7,793,366,364,46.15384615384615,1.7624779500906662,0.41121745250795444,0.23459975146862158,65.11127808333303,2.9089904197120644,43.833543505674655,20,8,12,3,2024-01-31 09:15:00,2024-03-01 09:15:00,1588,Sell
0.8,793,371,359,46.7843631778058,1.8024024805693681,0.40687574752451316,0.23328643607398453,67.20107178103393,3.008440052866518,43.68852459016394,25,8,17,3,2024-01-31 09:15:00,2024-03-01 09:15:00,1588,Sell
0.9,793,385,348,48.54981084489281,1.9721123800210099,0.3999436546054537,0.22436165604667618,75.90045071885639,3.4354080598487853,43.28499369482976,39,8,31,3,2024-01-31 09:15:00,2024-03-01 09:15:00,1588,Sell
0.95,793,395,340,49.810844892812106,2.175243845360944,0.40211416293166047,0.21476306816163482,85.81565118305005,3.903809394463264,42.78688524590164,54,13,41,3,2024-01-31 09:15:00,2024-03-01 09:15:00,1588,Sell
0.5,759,363,351,47.82608695652174,2.14645993787442,0.4616111275243842,0.22240932435315502,89.49916644339405,3.3868247148519544,55.974967061923586,13,5,8,4,2024-02-15 09:15:00,2024-03-16 09:15:00,1497,Sell
0.6,759,366,348,48.22134387351779,2.1637313507686615,0.4580141967612612,0.22262679980016375,90.15906968416462,3.4142047405544336,55.93544137022398,16,5,11,4,2024-02-15 09:15:00,2024-03-16 09:15:00,1497,Sell
0.7,759,366,348,48.22134387351779,2.1784563952794223,0.4577466386539358,0.22099280480084574,90.62977367664618,3.4359911929597122,55.869565217391305,16,5,11,4,2024-02-15 09:15:00,2024-03-16 09:15:00,1497,Sell
0.8,759,371,343,48.88010540184453,2.2609201472009173,0.4527270658895983,0.21658632128031285,93.6726332458937,3.564717852233111,55.71146245059288,21,5,16,4,2024-02-15 09:15:00,2024-03-16 09:15:00,1497,Sell
0.9,759,382,333,50.329380764163375,2.469600712536069,0.44601638387706605,0.20717779183827897,101.38805395889233,3.8946801173155516,55.3227931488801,34,7,27,4,2024-02-15 09:15:00,2024-03-16 09:15:00,1497,Sell
0.95,759,388,327,51.11989459815547,2.7257460069548696,0.45059870632608734,0.19615009775976358,110.69121608707921,4.267593072504224,54.776021080368906,45,12,33,4,2024-02-15 09:15:00,2024-03-16 09:15:00,1497,Sell
0.5,576,287,268,49.82638888888889,2.2269327419769254,0.5069149249253433,0.24376709412980302,80.15500222678634,3.4876880753167097,59.314236111111114,6,3,3,5,2024-03-01 09:15:00,2024-03-31 09:15:00,1193,Sell
0.6,576,289,266,50.173611111111114,2.2354045105681,0.5035286481203874,0.24472834196804397,80.42204034329228,3.500122487926812,59.28819444444444,8,3,5,5,2024-03-01 09:15:00,2024-03-31 09:15:00,1193,Sell
0.7,576,289,266,50.173611111111114,2.2583144988276227,0.5040109650026344,0.24247768003839248,81.16010599554896,3.537803487488708,59.21875,8,3,5,5,2024-03-01 09:15:00,2024-03-31 09:15:00,1193,Sell
0.8,576,292,263,50.69444444444444,2.32988619561613,0.499853226216204,0.23819623590493424,83.31153201213387,3.644462130843638,59.114583333333336,11,3,8,5,2024-03-01 09:15:00,2024-03-31 09:15:00,1193,Sell
0.9,576,296,258,51.388888888888886,2.457927646281394,0.4963937596969751,0.23170170193526934,87.15351377100512,3.8375120679214194,58.767361111111114,17,5,12,5,2024-03-01 09:15:00,2024-03-31 09:15:00,1193,Sell
0.95,576,305,249,52.951388888888886,2.675618808682102,0.49253900866954164,0.22548459891028216,94.07873251554994,4.167976092766567,58.229166666666664,28,7,21,5,2024-03-01 09:15:00,2024-03-31 09:15:00,1193,Sell
0.5,556,290,237,52.15827338129496,2.2787976163348937,0.37964660829726665,0.2038559630730907,61.783653157884835,3.857024650817229,47.96762589928058,6,9,-3,6,2024-03-16 09:15:00,2024-04-15 09:15:00,1126,Sell
0.6,556,292,235,52.51798561151079,2.2926684619840336,0.3772845176310551,0.20447617667157347,62.11517763044832,3.879504166572636,47.94964028776978,8,9,-1,6,2024-03-16 09:15:00,2024-04-15 09:15:00,1126,Sell
0.7,556,292,235,52.51798561151079,2.3660852783419934,0.378364359741669,0.19869860441897652,63.788221006107875,4.007980582994208,47.85071942446043,8,9,-1,6,2024-03-16 09:15:00,2024-04-15 09:15:00,1126,Sell
0.8,556,296,231,53.23741007194245,2.392248598335711,0.3746280161475384,0.2006659450944978,64.53605946284236,4.061799648382317,47.760791366906474,12,9,3,6,2024-03-16 09:15:00,2024-04-15 09:15:00,1126,Sell
0.9,556,298,228,53.597122302158276,2.465956292440825,0.3729100283030382,0.197651495595178,66.06264743860481,4.180611545664549,47.48201438848921,15,10,5,6,2024-03-16 09:15:00,2024-04-15 09:15:00,1126,Sell
0.95,556,305,222,54.85611510791367,2.5618780142539914,0.3664597806590938,0.1965236110665041,68.1419914442597,4.351071236843082,47.05035971223022,23,11,12,6,2024-03-16 09:15:00,2024-04-15 09:15:00,1126,Sell
0.5,634,344,261,54.25867507886435,2.5563014072107957,0.3831312206842214,0.1975392585979147,80.23939342131641,4.512092537348667,51.35646687697161,6,9,-3,7,2024-03-31 09:15:00,2024-04-30 09:15:00,1221,Sell
0.6,634,346,259,54.57413249211357,2.57792432158928,0.3811176377382453,0.19749914449944558,80.71442423207648,4.5422449201412345,51.33280757097792,8,9,-1,7,2024-03-31 09:15:00,2024-04-30 09:15:00,1221,Sell
0.7,634,347,258,54.73186119873817,2.627899533264489,0.3802780662533973,0.19462664123066017,81.74281555241856,4.61721754821981,51.261829652996845,9,9,0,7,2024-03-31 09:15:00,2024-04-30 09:15:00,1221,Sell
0.8,634,349,256,55.047318611987386,2.628730524593956,0.37867264684494245,0.19638274615893608,81.88277073219729,4.624789578940462,51.206624605678236,11,9,2,7,2024-03-31 09:15:00,2024-04-30 09:15:00,1221,Sell
0.9,634,351,253,55.36277602523659,2.704437498662346,0.378754945364472,0.19429783361091077,83.78563391936925,4.746901998563312,51.00946372239748,15,11,4,7,2024-03-31 09:15:00,2024-04-30 09:15:00,1221,Sell
0.95,634,357,247,56.30914826498423,2.807967085382619,0.3753937818313894,0.19322633860837718,86.28867447753686,4.886025468951012,50.58359621451104,23,13,10,7,2024-03-31 09:15:00,2024-04-30 09:15:00,1221,Sell
0.5,612,336,251,54.90196078431373,2.697538460543734,0.474044543407355,0.2352431913008259,100.232925568364,4.798401589509916,52.97385620915033,6,9,-3,8,2024-04-15 09:15:00,2024-05-15 09:15:00,1248,Sell
0.6,612,338,248,55.22875816993464,2.7560299589088304,0.47172817253658045,0.23327752515013778,101.59129608013001,4.874339072401443,52.93300653594771,8,9,-1,8,2024-04-15 09:15:00,2024-05-15 09:15:00,1248,Sell
0.7,612,339,247,55.392156862745104,2.763789219032907,0.47031273363010967,0.23355252336579102,101.74854342925678,4.882631048828227,52.86764705882353,9,9,0,8,2024-04-15 09:15:00,2024-05-15 09:15:00,1248,Sell
0.8,612,343,243,56.04575163398693,2.8251514113784983,0.466841832295913,0.23324690139105536,103.4477514394717,4.9769680708644515,52.802287581699346,13,9,4,8,2024-04-15 09:15:00,2024-05-15 09:15:00,1248,Sell
0.9,612,348,239,56.86274509803921,3.012192334131677,0.46404172409801353,0.2243136363456139,107.87556089950698,5.226740854600673,52.540849673202615,20,11,9,8,2024-04-15 09:15:00,2024-05-15 09:15:00,1248,Sell
0.95,612,352,234,57.51633986928104,3.214352944304526,0.46409135343347463,0.2171884477619041,112.5380596322975,5.469731541000813,52.12418300653595,26,13,13,8,2024-04-15 09:15:00,2024-05-15 09:15:00,1248,Sell
0.5,682,343,298,50.29325513196481,2.4541159863519697,0.42822383537319547,0.20084157034187142,87.02998757112837,4.214272315062324,60.59384164222874,12,11,1,9,2024-04-30 09:15:00,2024-05-30 09:15:00,1375,Sell
0.6,682,345,295,50.58651026392962,2.499901134943202,0.4260779287824239,0.1993256932908513,88.1958059091351,4.2791610521923165,60.557184750733136,14,11,3,9,2024-04-30 09:15:00,2024-05-30 09:15:00,1375,Sell
0.7,682,345,295,50.58651026392962,2.5427556382752847,0.42598909675379376,0.19592548771787852,89.16821950328469,4.352877068699353,60.5058651026393,14,11,3,9,2024-04-30 09:15:00,2024-05-30 09:15:00,1375,Sell
0.8,682,350,290,51.31964809384164,2.633366900402396,0.4225310219514921,0.19364989865704166,91.72738707248016,4.49480232356667,60.381231671554254,20,12,8,9,2024-04-30 09:15:00,2024-05-30 09:15:00,1375,Sell
0.9,682,361,280,52.93255131964809,2.8851458590013452,0.41613575710543566,0.18595867004977581,98.15658070112504,4.844154586099728,60.02932551319648,32,13,19,9,2024-04-30 09:15:00,2024-05-30 09:15:00,1375,Sell
0.95,682,366,273,53.665689149560116,3.0863835710899705,0.41644355063325567,0.18089421588537227,103.03421859506496,5.105944998331383,59.618768328445746,38,14,24,9,2024-04-30 09:15:00,2024-05-30 09:15:00,1375,Sell
0.5,688,312,323,45.348837209302324,2.2827164726253963,0.6051227779982911,0.2560610958669305,106.09057277044825,2.240523896911096,58.33575581395349,10,12,-2,10,2024-05-15 09:15:00,2024-06-14 09:15:00,1418,Sell
0.6,688,312,323,45.348837209302324,2.283354516571991,0.6050779309421315,0.2559705720399428,106.1058196850435,2.240855611214242,58.31395348837209,10,12,-2,10,2024-05-15 09:15:00,2024-06-14 09:15:00,1418,Sell
0.7,688,315,320,45.78488372093023,2.3400532113047485,0.6001289358788924,0.25245234527226745,108.2558643147255,2.291639898066516,58.24854651162791,13,12,1,10,2024-05-15 09:15:00,2024-06-14 09:15:00,1418,Sell
0.8,688,316,319,45.93023255813954,2.3742576250163068,0.5991069760621893,0.24996139211030896,109.58012035246327,2.321073592422325,58.125,15,13,2,10,2024-05-15 09:15:00,2024-06-14 09:15:00,1418,Sell
0.9,688,327,307,47.52906976744186,2.5965412403959496,0.5850424543022462,0.23999463576610763,117.63052937663944,2.501580506762111,57.71075581395349,27,14,13,10,2024-05-15 09:15:00,2024-06-14 09:15:00,1418,Sell
0.95,688,338,295,49.127906976744185,2.939584311344478,0.5812260104406766,0.2265446469280057,129.62372068518698,2.761338416242168,57.20203488372093,38,14,24,10,2024-05-15 09:15:00,2024-06-14 09:15:00,1418,Sell
0.5,700,315,344,45.0,2.0081583280245083,0.5735153791137283,0.2615165804253936,90.69564075448898,1.9043899693515633,46.47142857142857,7,10,-3,11,2024-05-30 09:15:00,2024-06-29 09:15:00,1431,Sell
0.6,700,316,343,45.14285714285714,2.0210568758834446,0.5724837190805748,0.260962177410668,91.39482837760251,1.9194082961882784,46.43571428571428,8,10,-2,11,2024-05-30 09:15:00,2024-06-29 09:15:00,1431,Sell
0.7,700,320,339,45.714285714285715,2.079647675572248,0.5663465370589545,0.2570648899056952,94.08589418083474,1.9797982856214624,46.34285714285714,12,10,2,11,2024-05-30 09:15:00,2024-06-29 09:15:00,1431,Sell
0.8,700,322,337,46.0,2.132407942399696,0.563503251619365,0.25249460659424067,96.35736459917642,2.029651891339761,46.15714285714286,15,11,4,11,2024-05-30 09:15:00,2024-06-29 09:15:00,1431,Sell
0.9,700,334,324,47.714285714285715,2.3352021443913453,0.5476809219943839,0.2417712126167388,104.59155505830084,2.2135147782627334,45.68571428571428,28,12,16,11,2024-05-30 09:15:00,2024-06-29 09:15:00,1431,Sell
0.95,700,348,308,49.714285714285715,2.6718146075424327,0.5407838582307481,0.22868934334215082,117.75646491491791,2.4969744173550352,45.07142857142857,44,14,30,11,2024-05-30 09:15:00,2024-06-29 09:15:00,1431,Sell
0.5,372,166,192,44.623655913978496,1.1496703198766358,0.27852245241424567,0.209456455605745,6.0190876244617435,0.7563176802892168,44.784946236559136,6,2,4,12,2024-06-14 09:15:00,2024-07-14 09:15:00,744,Sell
0.6,372,167,191,44.89247311827957,1.1672140513138687,0.27812685242731217,0.20834137098399888,6.65398249741734,0.8373331688134251,44.744623655913976,7,2,5,12,2024-06-14 09:15:00,2024-07-14 09:15:00,744,Sell
0.7,372,168,190,45.16129032258064,1.2102616014146161,0.2768224255130102,0.20224495453939312,8.079626123701013,1.0291825124857028,44.6505376344086,8,2,6,12,2024-06-14 09:15:00,2024-07-14 09:15:00,744,Sell
0.8,372,170,188,45.69892473118279,1.2687490706234972,0.27455894435898515,0.1956820238177766,9.886800063285465,1.2699565808722808,44.40860215053763,11,3,8,12,2024-06-14 09:15:00,2024-07-14 09:15:00,744,Sell
0.9,372,178,180,47.8494623655914,1.3759387699389107,0.2675289547059249,0.19227338929950627,13.010943863743513,1.6919217840701917,43.93817204301075,19,3,16,12,2024-06-14 09:15:00,2024-07-14 09:15:00,744,Sell
0.95,372,185,171,49.73118279569893,1.517937456700413,0.2639898717537698,0.18815207198929762,16.664121964277527,2.1908435094657808,43.346774193548384,28,5,23,12,2024-06-14 09:15:00,2024-07-14 09:15:00,744,Sell
