trade_id,ticker,entry_time,exit_time,side,entry_price,exit_price,quantity,pnl,strategy
RELIANCE_0001,RELIANCE,2025-04-01T00:00:00+05:30,2025-04-02T18:00:00+05:30,LONG,2468.34,2512.26,100,4391.82,phase4_synthetic_test
RELIANCE_0002,RELIANCE,2025-04-02T22:03:38.181818181+05:30,2025-04-03T09:03:38.181818181+05:30,LONG,2465.6,2480.2,100,1459.52,phase4_synthetic_test
RELIANCE_0003,RELIANCE,2025-04-04T20:07:16.363636363+05:30,2025-04-05T18:07:16.363636363+05:30,LONG,2495.92,2436.02,100,-5990.6,phase4_synthetic_test
RELIANCE_0004,RELIANCE,2025-04-06T18:10:54.545454545+05:30,2025-04-08T09:10:54.545454545+05:30,SHORT,2461.2,2515.09,100,5389.33,phase4_synthetic_test
RELIANCE_0005,RELIANCE,2025-04-08T16:14:32.727272727+05:30,2025-04-08T21:14:32.727272727+05:30,SHORT,2577.74,2543.86,100,-3388.4,phase4_synthetic_test
RELIANCE_0006,RELIANCE,2025-04-10T14:18:10.909090909+05:30,2025-04-10T19:18:10.909090909+05:30,LONG,2468.34,2421.22,100,-4712.19,phase4_synthetic_test
RELIANCE_0007,RELIANCE,2025-04-12T12:21:49.090909090+05:30,2025-04-13T03:21:49.090909090+05:30,LONG,2450.71,2467.12,100,1641.77,phase4_synthetic_test
RELIANCE_0008,RELIANCE,2025-04-14T10:25:27.272727272+05:30,2025-04-15T14:25:27.272727272+05:30,LONG,2511.19,2479.73,100,-3145.57,phase4_synthetic_test
RELIANCE_0009,RELIANCE,2025-04-16T08:29:05.454545454+05:30,2025-04-18T05:29:05.454545454+05:30,SHORT,2478.09,2547.38,100,6928.88,phase4_synthetic_test
RELIANCE_0010,RELIANCE,2025-04-18T06:32:43.636363636+05:30,2025-04-19T00:32:43.636363636+05:30,SHORT,2521.85,2528.52,100,666.47,phase4_synthetic_test
RELIANCE_0011,RELIANCE,2025-04-20T04:36:21.818181818+05:30,2025-04-22T03:36:21.818181818+05:30,LONG,2509.24,2511.38,100,214.31,phase4_synthetic_test
RELIANCE_0012,RELIANCE,2025-04-22T02:40:00+05:30,2025-04-22T08:40:00+05:30,LONG,2518.03,2572.41,100,5438.05,phase4_synthetic_test
RELIANCE_0013,RELIANCE,2025-04-24T00:43:38.181818181+05:30,2025-04-24T12:43:38.181818181+05:30,LONG,2544.89,2478.47,100,-6641.37,phase4_synthetic_test
RELIANCE_0014,RELIANCE,2025-04-25T22:47:16.363636363+05:30,2025-04-26T15:47:16.363636363+05:30,SHORT,2526.36,2480.46,100,-4589.81,phase4_synthetic_test
RELIANCE_0015,RELIANCE,2025-04-27T20:50:54.545454545+05:30,2025-04-28T01:50:54.545454545+05:30,SHORT,2521.58,2494.02,100,-2756.88,phase4_synthetic_test
RELIANCE_0016,RELIANCE,2025-04-29T18:54:32.727272727+05:30,2025-04-30T04:54:32.727272727+05:30,LONG,2533.32,2550.04,100,1671.94,phase4_synthetic_test
RELIANCE_0017,RELIANCE,2025-05-01T16:58:10.909090909+05:30,2025-05-03T06:58:10.909090909+05:30,LONG,2475.88,2536.68,100,6080.56,phase4_synthetic_test
RELIANCE_0018,RELIANCE,2025-05-03T15:01:49.090909091+05:30,2025-05-05T10:01:49.090909091+05:30,LONG,2492.52,2530.71,100,3818.95,phase4_synthetic_test
RELIANCE_0019,RELIANCE,2025-05-05T13:05:27.272727272+05:30,2025-05-07T10:05:27.272727272+05:30,SHORT,2463.1,2453.13,100,-996.47,phase4_synthetic_test
RELIANCE_0020,RELIANCE,2025-05-07T11:09:05.454545454+05:30,2025-05-08T08:09:05.454545454+05:30,SHORT,2585.95,2543.95,100,-4199.54,phase4_synthetic_test
RELIANCE_0021,RELIANCE,2025-05-09T09:12:43.636363636+05:30,2025-05-11T00:12:43.636363636+05:30,LONG,2542.19,2557.12,100,1493.28,phase4_synthetic_test
RELIANCE_0022,RELIANCE,2025-05-11T07:16:21.818181818+05:30,2025-05-11T18:16:21.818181818+05:30,LONG,2502.08,2512.66,100,1057.54,phase4_synthetic_test
RELIANCE_0023,RELIANCE,2025-05-13T05:20:00+05:30,2025-05-15T00:20:00+05:30,LONG,2524.73,2576.92,100,5219.13,phase4_synthetic_test
RELIANCE_0024,RELIANCE,2025-05-15T03:23:38.181818181+05:30,2025-05-16T06:23:38.181818181+05:30,SHORT,2456.79,2478.09,100,2129.87,phase4_synthetic_test
RELIANCE_0025,RELIANCE,2025-05-17T01:27:16.363636363+05:30,2025-05-19T01:27:16.363636363+05:30,SHORT,2475.71,2530.22,100,5451.24,phase4_synthetic_test
RELIANCE_0026,RELIANCE,2025-05-18T23:30:54.545454545+05:30,2025-05-19T03:30:54.545454545+05:30,LONG,2492.34,2419.91,100,-7243.19,phase4_synthetic_test
RELIANCE_0027,RELIANCE,2025-05-20T21:34:32.727272727+05:30,2025-05-21T01:34:32.727272727+05:30,LONG,2450.55,2406.25,100,-4429.88,phase4_synthetic_test
RELIANCE_0028,RELIANCE,2025-05-22T19:38:10.909090909+05:30,2025-05-23T09:38:10.909090909+05:30,LONG,2521.13,2475.58,100,-4555.55,phase4_synthetic_test
RELIANCE_0029,RELIANCE,2025-05-24T17:41:49.090909091+05:30,2025-05-26T07:41:49.090909091+05:30,SHORT,2497.4,2457.4,100,-3999.73,phase4_synthetic_test
RELIANCE_0030,RELIANCE,2025-05-26T15:45:27.272727273+05:30,2025-05-28T09:45:27.272727273+05:30,SHORT,2564.53,2541.5,100,-2303.77,phase4_synthetic_test
RELIANCE_0031,RELIANCE,2025-05-28T13:49:05.454545454+05:30,2025-05-29T01:49:05.454545454+05:30,LONG,2483.09,2501.46,100,1836.96,phase4_synthetic_test
RELIANCE_0032,RELIANCE,2025-05-30T11:52:43.636363636+05:30,2025-05-31T13:52:43.636363636+05:30,LONG,2516.59,2542.09,100,2549.43,phase4_synthetic_test
RELIANCE_0033,RELIANCE,2025-06-01T09:56:21.818181818+05:30,2025-06-03T08:56:21.818181818+05:30,LONG,2538.72,2559.67,100,2095.32,phase4_synthetic_test
RELIANCE_0034,RELIANCE,2025-06-03T08:00:00+05:30,2025-06-03T12:00:00+05:30,SHORT,2529.28,2547.17,100,1789.23,phase4_synthetic_test
RELIANCE_0035,RELIANCE,2025-06-05T06:03:38.181818182+05:30,2025-06-05T12:03:38.181818182+05:30,SHORT,2545.34,2506.13,100,-3921.36,phase4_synthetic_test
RELIANCE_0036,RELIANCE,2025-06-07T04:07:16.363636363+05:30,2025-06-07T21:07:16.363636363+05:30,LONG,2502.27,2501.34,100,-93.15,phase4_synthetic_test
RELIANCE_0037,RELIANCE,2025-06-09T02:10:54.545454545+05:30,2025-06-09T20:10:54.545454545+05:30,LONG,2493.93,2435.71,100,-5822.47,phase4_synthetic_test
RELIANCE_0038,RELIANCE,2025-06-11T00:14:32.727272727+05:30,2025-06-12T11:14:32.727272727+05:30,LONG,2481.44,2501.75,100,2030.96,phase4_synthetic_test
RELIANCE_0039,RELIANCE,2025-06-12T22:18:10.909090909+05:30,2025-06-14T09:18:10.909090909+05:30,SHORT,2492.84,2463.93,100,-2890.43,phase4_synthetic_test
RELIANCE_0040,RELIANCE,2025-06-14T20:21:49.090909091+05:30,2025-06-16T14:21:49.090909091+05:30,SHORT,2511.98,2525.56,100,1358.0,phase4_synthetic_test
RELIANCE_0041,RELIANCE,2025-06-16T18:25:27.272727272+05:30,2025-06-18T09:25:27.272727272+05:30,LONG,2509.89,2576.58,100,6669.07,phase4_synthetic_test
RELIANCE_0042,RELIANCE,2025-06-18T16:29:05.454545454+05:30,2025-06-19T17:29:05.454545454+05:30,LONG,2512.44,2569.79,100,5735.41,phase4_synthetic_test
RELIANCE_0043,RELIANCE,2025-06-20T14:32:43.636363636+05:30,2025-06-20T23:32:43.636363636+05:30,LONG,2471.84,2465.4,100,-644.64,phase4_synthetic_test
RELIANCE_0044,RELIANCE,2025-06-22T12:36:21.818181818+05:30,2025-06-23T11:36:21.818181818+05:30,SHORT,2562.91,2503.93,100,-5897.65,phase4_synthetic_test
RELIANCE_0045,RELIANCE,2025-06-24T10:40:00+05:30,2025-06-25T17:40:00+05:30,SHORT,2518.78,2540.68,100,2190.61,phase4_synthetic_test
RELIANCE_0046,RELIANCE,2025-06-26T08:43:38.181818182+05:30,2025-06-26T12:43:38.181818182+05:30,LONG,2492.71,2452.02,100,-4069.07,phase4_synthetic_test
RELIANCE_0047,RELIANCE,2025-06-28T06:47:16.363636363+05:30,2025-06-28T22:47:16.363636363+05:30,LONG,2450.7,2503.74,100,5304.24,phase4_synthetic_test
RELIANCE_0048,RELIANCE,2025-06-30T04:50:54.545454545+05:30,2025-06-30T15:50:54.545454545+05:30,LONG,2498.48,2503.59,100,511.03,phase4_synthetic_test
RELIANCE_0049,RELIANCE,2025-07-02T02:54:32.727272727+05:30,2025-07-03T14:54:32.727272727+05:30,SHORT,2427.11,2483.76,100,5664.98,phase4_synthetic_test
RELIANCE_0050,RELIANCE,2025-07-04T00:58:10.909090909+05:30,2025-07-04T18:58:10.909090909+05:30,SHORT,2422.68,2471.88,100,4919.66,phase4_synthetic_test
RELIANCE_0051,RELIANCE,2025-07-05T23:01:49.090909091+05:30,2025-07-07T02:01:49.090909091+05:30,LONG,2486.36,2516.65,100,3028.67,phase4_synthetic_test
RELIANCE_0052,RELIANCE,2025-07-07T21:05:27.272727272+05:30,2025-07-08T12:05:27.272727272+05:30,LONG,2499.72,2462.5,100,-3722.86,phase4_synthetic_test
RELIANCE_0053,RELIANCE,2025-07-09T19:09:05.454545454+05:30,2025-07-11T11:09:05.454545454+05:30,LONG,2453.69,2422.01,100,-3167.61,phase4_synthetic_test
RELIANCE_0054,RELIANCE,2025-07-11T17:12:43.636363636+05:30,2025-07-11T22:12:43.636363636+05:30,SHORT,2455.54,2455.15,100,-39.46,phase4_synthetic_test
RELIANCE_0055,RELIANCE,2025-07-13T15:16:21.818181818+05:30,2025-07-15T07:16:21.818181818+05:30,SHORT,2490.07,2513.44,100,2336.42,phase4_synthetic_test
RELIANCE_0056,RELIANCE,2025-07-15T13:20:00+05:30,2025-07-15T18:20:00+05:30,LONG,2494.78,2499.41,100,463.05,phase4_synthetic_test
RELIANCE_0057,RELIANCE,2025-07-17T11:23:38.181818182+05:30,2025-07-17T20:23:38.181818182+05:30,LONG,2517.21,2478.26,100,-3895.81,phase4_synthetic_test
RELIANCE_0058,RELIANCE,2025-07-19T09:27:16.363636364+05:30,2025-07-19T23:27:16.363636364+05:30,LONG,2474.22,2454.87,100,-1935.02,phase4_synthetic_test
RELIANCE_0059,RELIANCE,2025-07-21T07:30:54.545454546+05:30,2025-07-23T00:30:54.545454546+05:30,SHORT,2493.29,2513.23,100,1993.75,phase4_synthetic_test
RELIANCE_0060,RELIANCE,2025-07-23T05:34:32.727272726+05:30,2025-07-23T14:34:32.727272726+05:30,SHORT,2516.27,2531.64,100,1536.84,phase4_synthetic_test
RELIANCE_0061,RELIANCE,2025-07-25T03:38:10.909090908+05:30,2025-07-25T22:38:10.909090908+05:30,LONG,2482.08,2532.01,100,4993.48,phase4_synthetic_test
RELIANCE_0062,RELIANCE,2025-07-27T01:41:49.090909090+05:30,2025-07-27T10:41:49.090909090+05:30,LONG,2535.84,2565.63,100,2979.29,phase4_synthetic_test
RELIANCE_0063,RELIANCE,2025-07-28T23:45:27.272727272+05:30,2025-07-30T14:45:27.272727272+05:30,LONG,2501.21,2428.66,100,-7254.69,phase4_synthetic_test
RELIANCE_0064,RELIANCE,2025-07-30T21:49:05.454545454+05:30,2025-07-31T19:49:05.454545454+05:30,SHORT,2437.28,2459.62,100,2233.34,phase4_synthetic_test
RELIANCE_0065,RELIANCE,2025-08-01T19:52:43.636363636+05:30,2025-08-03T15:52:43.636363636+05:30,SHORT,2517.18,2488.67,100,-2851.09,phase4_synthetic_test
RELIANCE_0066,RELIANCE,2025-08-03T17:56:21.818181818+05:30,2025-08-04T14:56:21.818181818+05:30,LONG,2517.57,2568.58,100,5101.25,phase4_synthetic_test
RELIANCE_0067,RELIANCE,2025-08-05T16:00:00+05:30,2025-08-06T20:00:00+05:30,LONG,2504.14,2460.43,100,-4371.16,phase4_synthetic_test
RELIANCE_0068,RELIANCE,2025-08-07T14:03:38.181818182+05:30,2025-08-09T11:03:38.181818182+05:30,LONG,2516.0,2479.46,100,-3654.11,phase4_synthetic_test
RELIANCE_0069,RELIANCE,2025-08-09T12:07:16.363636364+05:30,2025-08-10T17:07:16.363636364+05:30,SHORT,2574.04,2501.66,100,-7237.34,phase4_synthetic_test
RELIANCE_0070,RELIANCE,2025-08-11T10:10:54.545454546+05:30,2025-08-11T15:10:54.545454546+05:30,SHORT,2622.37,2546.54,100,-7582.39,phase4_synthetic_test
RELIANCE_0071,RELIANCE,2025-08-13T08:14:32.727272726+05:30,2025-08-13T16:14:32.727272726+05:30,LONG,2513.31,2573.69,100,6038.25,phase4_synthetic_test
RELIANCE_0072,RELIANCE,2025-08-15T06:18:10.909090908+05:30,2025-08-15T18:18:10.909090908+05:30,LONG,2520.04,2486.6,100,-3343.51,phase4_synthetic_test
RELIANCE_0073,RELIANCE,2025-08-17T04:21:49.090909090+05:30,2025-08-17T23:21:49.090909090+05:30,LONG,2538.71,2599.2,100,6048.88,phase4_synthetic_test
RELIANCE_0074,RELIANCE,2025-08-19T02:25:27.272727272+05:30,2025-08-20T14:25:27.272727272+05:30,SHORT,2479.36,2458.41,100,-2095.04,phase4_synthetic_test
RELIANCE_0075,RELIANCE,2025-08-21T00:29:05.454545454+05:30,2025-08-21T11:29:05.454545454+05:30,SHORT,2559.99,2516.9,100,-4309.04,phase4_synthetic_test
RELIANCE_0076,RELIANCE,2025-08-22T22:32:43.636363636+05:30,2025-08-24T12:32:43.636363636+05:30,LONG,2544.01,2524.52,100,-1949.49,phase4_synthetic_test
RELIANCE_0077,RELIANCE,2025-08-24T20:36:21.818181818+05:30,2025-08-26T00:36:21.818181818+05:30,LONG,2466.08,2392.85,100,-7323.35,phase4_synthetic_test
RELIANCE_0078,RELIANCE,2025-08-26T18:40:00+05:30,2025-08-27T15:40:00+05:30,LONG,2494.84,2492.69,100,-215.35,phase4_synthetic_test
RELIANCE_0079,RELIANCE,2025-08-28T16:43:38.181818182+05:30,2025-08-30T12:43:38.181818182+05:30,SHORT,2404.13,2451.81,100,4767.41,phase4_synthetic_test
RELIANCE_0080,RELIANCE,2025-08-30T14:47:16.363636364+05:30,2025-08-31T07:47:16.363636364+05:30,SHORT,2498.2,2524.65,100,2644.83,phase4_synthetic_test
RELIANCE_0081,RELIANCE,2025-09-01T12:50:54.545454544+05:30,2025-09-01T23:50:54.545454544+05:30,LONG,2515.76,2568.48,100,5271.38,phase4_synthetic_test
RELIANCE_0082,RELIANCE,2025-09-03T10:54:32.727272726+05:30,2025-09-04T22:54:32.727272726+05:30,LONG,2500.88,2507.26,100,638.33,phase4_synthetic_test
RELIANCE_0083,RELIANCE,2025-09-05T08:58:10.909090908+05:30,2025-09-06T09:58:10.909090908+05:30,LONG,2474.4,2439.54,100,-3485.9,phase4_synthetic_test
RELIANCE_0084,RELIANCE,2025-09-07T07:01:49.090909090+05:30,2025-09-09T00:01:49.090909090+05:30,SHORT,2570.47,2498.67,100,-7179.58,phase4_synthetic_test
RELIANCE_0085,RELIANCE,2025-09-09T05:05:27.272727272+05:30,2025-09-09T16:05:27.272727272+05:30,SHORT,2549.38,2529.48,100,-1990.28,phase4_synthetic_test
RELIANCE_0086,RELIANCE,2025-09-11T03:09:05.454545454+05:30,2025-09-12T12:09:05.454545454+05:30,LONG,2516.89,2538.8,100,2191.26,phase4_synthetic_test
RELIANCE_0087,RELIANCE,2025-09-13T01:12:43.636363636+05:30,2025-09-14T13:12:43.636363636+05:30,LONG,2522.25,2476.12,100,-4612.03,phase4_synthetic_test
RELIANCE_0088,RELIANCE,2025-09-14T23:16:21.818181818+05:30,2025-09-15T21:16:21.818181818+05:30,LONG,2526.86,2537.77,100,1091.67,phase4_synthetic_test
RELIANCE_0089,RELIANCE,2025-09-16T21:20:00+05:30,2025-09-17T17:20:00+05:30,SHORT,2571.09,2496.99,100,-7409.34,phase4_synthetic_test
RELIANCE_0090,RELIANCE,2025-09-18T19:23:38.181818182+05:30,2025-09-19T04:23:38.181818182+05:30,SHORT,2432.45,2451.55,100,1909.87,phase4_synthetic_test
RELIANCE_0091,RELIANCE,2025-09-20T17:27:16.363636364+05:30,2025-09-21T20:27:16.363636364+05:30,LONG,2505.28,2479.84,100,-2544.1,phase4_synthetic_test
RELIANCE_0092,RELIANCE,2025-09-22T15:30:54.545454544+05:30,2025-09-24T01:30:54.545454544+05:30,LONG,2535.3,2605.83,100,7052.5,phase4_synthetic_test
RELIANCE_0093,RELIANCE,2025-09-24T13:34:32.727272726+05:30,2025-09-25T13:34:32.727272726+05:30,LONG,2476.85,2430.91,100,-4593.4,phase4_synthetic_test
RELIANCE_0094,RELIANCE,2025-09-26T11:38:10.909090908+05:30,2025-09-26T17:38:10.909090908+05:30,SHORT,2455.99,2505.68,100,4968.87,phase4_synthetic_test
RELIANCE_0095,RELIANCE,2025-09-28T09:41:49.090909090+05:30,2025-09-29T19:41:49.090909090+05:30,SHORT,2595.52,2543.0,100,-5252.01,phase4_synthetic_test
RELIANCE_0096,RELIANCE,2025-09-30T07:45:27.272727272+05:30,2025-10-01T10:45:27.272727272+05:30,LONG,2517.11,2473.15,100,-4396.11,phase4_synthetic_test
RELIANCE_0097,RELIANCE,2025-10-02T05:49:05.454545454+05:30,2025-10-03T07:49:05.454545454+05:30,LONG,2501.83,2447.81,100,-5402.7,phase4_synthetic_test
RELIANCE_0098,RELIANCE,2025-10-04T03:52:43.636363636+05:30,2025-10-04T08:52:43.636363636+05:30,LONG,2534.87,2507.88,100,-2698.86,phase4_synthetic_test
RELIANCE_0099,RELIANCE,2025-10-06T01:56:21.818181818+05:30,2025-10-06T13:56:21.818181818+05:30,SHORT,2516.15,2485.95,100,-3020.19,phase4_synthetic_test
RELIANCE_0100,RELIANCE,2025-10-08T00:00:00+05:30,2025-10-07T23:00:00+05:30,SHORT,2461.55,2491.98,100,3042.55,phase4_synthetic_test
TCS_0101,TCS,2025-04-01T00:00:00+05:30,2025-04-02T04:00:00+05:30,LONG,3441.42,3464.45,100,2302.6,phase4_synthetic_test
TCS_0102,TCS,2025-04-02T22:03:38.181818181+05:30,2025-04-03T08:03:38.181818181+05:30,LONG,3541.76,3542.08,100,32.22,phase4_synthetic_test
TCS_0103,TCS,2025-04-04T20:07:16.363636363+05:30,2025-04-05T00:07:16.363636363+05:30,LONG,3485.55,3395.82,100,-8973.04,phase4_synthetic_test
TCS_0104,TCS,2025-04-06T18:10:54.545454545+05:30,2025-04-07T11:10:54.545454545+05:30,SHORT,3558.69,3477.32,100,-8137.04,phase4_synthetic_test
TCS_0105,TCS,2025-04-08T16:14:32.727272727+05:30,2025-04-09T23:14:32.727272727+05:30,SHORT,3507.91,3491.39,100,-1652.09,phase4_synthetic_test
TCS_0106,TCS,2025-04-10T14:18:10.909090909+05:30,2025-04-11T15:18:10.909090909+05:30,LONG,3451.71,3416.12,100,-3559.0,phase4_synthetic_test
TCS_0107,TCS,2025-04-12T12:21:49.090909090+05:30,2025-04-13T13:21:49.090909090+05:30,LONG,3434.27,3452.99,100,1871.68,phase4_synthetic_test
TCS_0108,TCS,2025-04-14T10:25:27.272727272+05:30,2025-04-16T07:25:27.272727272+05:30,LONG,3480.43,3547.79,100,6736.73,phase4_synthetic_test
TCS_0109,TCS,2025-04-16T08:29:05.454545454+05:30,2025-04-18T00:29:05.454545454+05:30,SHORT,3542.52,3537.8,100,-472.15,phase4_synthetic_test
TCS_0110,TCS,2025-04-18T06:32:43.636363636+05:30,2025-04-20T05:32:43.636363636+05:30,SHORT,3591.55,3494.02,100,-9753.59,phase4_synthetic_test
TCS_0111,TCS,2025-04-20T04:36:21.818181818+05:30,2025-04-20T13:36:21.818181818+05:30,LONG,3504.39,3410.12,100,-9426.49,phase4_synthetic_test
TCS_0112,TCS,2025-04-22T02:40:00+05:30,2025-04-23T16:40:00+05:30,LONG,3531.65,3560.77,100,2912.13,phase4_synthetic_test
TCS_0113,TCS,2025-04-24T00:43:38.181818181+05:30,2025-04-24T16:43:38.181818181+05:30,LONG,3530.04,3629.49,100,9944.91,phase4_synthetic_test
TCS_0114,TCS,2025-04-25T22:47:16.363636363+05:30,2025-04-26T20:47:16.363636363+05:30,SHORT,3529.34,3467.92,100,-6142.09,phase4_synthetic_test
TCS_0115,TCS,2025-04-27T20:50:54.545454545+05:30,2025-04-29T03:50:54.545454545+05:30,SHORT,3515.86,3465.12,100,-5073.82,phase4_synthetic_test
TCS_0116,TCS,2025-04-29T18:54:32.727272727+05:30,2025-04-30T23:54:32.727272727+05:30,LONG,3547.04,3645.5,100,9846.19,phase4_synthetic_test
TCS_0117,TCS,2025-05-01T16:58:10.909090909+05:30,2025-05-02T04:58:10.909090909+05:30,LONG,3438.15,3477.03,100,3888.54,phase4_synthetic_test
TCS_0118,TCS,2025-05-03T15:01:49.090909091+05:30,2025-05-03T19:01:49.090909091+05:30,LONG,3463.57,3451.59,100,-1198.0,phase4_synthetic_test
TCS_0119,TCS,2025-05-05T13:05:27.272727272+05:30,2025-05-06T17:05:27.272727272+05:30,SHORT,3502.54,3469.19,100,-3334.53,phase4_synthetic_test
TCS_0120,TCS,2025-05-07T11:09:05.454545454+05:30,2025-05-08T06:09:05.454545454+05:30,SHORT,3525.52,3522.0,100,-352.82,phase4_synthetic_test
TCS_0121,TCS,2025-05-09T09:12:43.636363636+05:30,2025-05-09T17:12:43.636363636+05:30,LONG,3488.74,3512.13,100,2338.59,phase4_synthetic_test
TCS_0122,TCS,2025-05-11T07:16:21.818181818+05:30,2025-05-11T22:16:21.818181818+05:30,LONG,3452.21,3465.89,100,1367.85,phase4_synthetic_test
TCS_0123,TCS,2025-05-13T05:20:00+05:30,2025-05-14T06:20:00+05:30,LONG,3446.25,3345.84,100,-10041.13,phase4_synthetic_test
TCS_0124,TCS,2025-05-15T03:23:38.181818181+05:30,2025-05-15T11:23:38.181818181+05:30,SHORT,3389.01,3473.6,100,8458.41,phase4_synthetic_test
TCS_0125,TCS,2025-05-17T01:27:16.363636363+05:30,2025-05-17T09:27:16.363636363+05:30,SHORT,3438.36,3443.7,100,533.63,phase4_synthetic_test
TCS_0126,TCS,2025-05-18T23:30:54.545454545+05:30,2025-05-19T23:30:54.545454545+05:30,LONG,3454.25,3448.75,100,-549.81,phase4_synthetic_test
TCS_0127,TCS,2025-05-20T21:34:32.727272727+05:30,2025-05-22T06:34:32.727272727+05:30,LONG,3436.73,3467.61,100,3088.39,phase4_synthetic_test
TCS_0128,TCS,2025-05-22T19:38:10.909090909+05:30,2025-05-23T03:38:10.909090909+05:30,LONG,3466.53,3546.95,100,8042.62,phase4_synthetic_test
TCS_0129,TCS,2025-05-24T17:41:49.090909091+05:30,2025-05-25T06:41:49.090909091+05:30,SHORT,3526.87,3500.44,100,-2643.39,phase4_synthetic_test
TCS_0130,TCS,2025-05-26T15:45:27.272727273+05:30,2025-05-26T19:45:27.272727273+05:30,SHORT,3534.09,3525.75,100,-833.01,phase4_synthetic_test
TCS_0131,TCS,2025-05-28T13:49:05.454545454+05:30,2025-05-29T08:49:05.454545454+05:30,LONG,3519.94,3429.24,100,-9069.43,phase4_synthetic_test
TCS_0132,TCS,2025-05-30T11:52:43.636363636+05:30,2025-05-31T18:52:43.636363636+05:30,LONG,3561.63,3579.96,100,1833.01,phase4_synthetic_test
TCS_0133,TCS,2025-06-01T09:56:21.818181818+05:30,2025-06-02T12:56:21.818181818+05:30,LONG,3510.27,3547.59,100,3731.45,phase4_synthetic_test
TCS_0134,TCS,2025-06-03T08:00:00+05:30,2025-06-04T20:00:00+05:30,SHORT,3497.6,3506.39,100,878.29,phase4_synthetic_test
TCS_0135,TCS,2025-06-05T06:03:38.181818182+05:30,2025-06-06T22:03:38.181818182+05:30,SHORT,3571.65,3544.86,100,-2678.63,phase4_synthetic_test
TCS_0136,TCS,2025-06-07T04:07:16.363636363+05:30,2025-06-08T23:07:16.363636363+05:30,LONG,3457.41,3541.5,100,8408.78,phase4_synthetic_test
TCS_0137,TCS,2025-06-09T02:10:54.545454545+05:30,2025-06-09T18:10:54.545454545+05:30,LONG,3482.82,3423.17,100,-5964.2,phase4_synthetic_test
TCS_0138,TCS,2025-06-11T00:14:32.727272727+05:30,2025-06-12T14:14:32.727272727+05:30,LONG,3521.8,3487.26,100,-3453.74,phase4_synthetic_test
TCS_0139,TCS,2025-06-12T22:18:10.909090909+05:30,2025-06-14T06:18:10.909090909+05:30,SHORT,3504.3,3433.26,100,-7104.28,phase4_synthetic_test
TCS_0140,TCS,2025-06-14T20:21:49.090909091+05:30,2025-06-16T09:21:49.090909091+05:30,SHORT,3449.2,3499.45,100,5024.62,phase4_synthetic_test
TCS_0141,TCS,2025-06-16T18:25:27.272727272+05:30,2025-06-18T18:25:27.272727272+05:30,LONG,3435.49,3525.49,100,9000.59,phase4_synthetic_test
TCS_0142,TCS,2025-06-18T16:29:05.454545454+05:30,2025-06-19T20:29:05.454545454+05:30,LONG,3469.48,3532.66,100,6317.53,phase4_synthetic_test
TCS_0143,TCS,2025-06-20T14:32:43.636363636+05:30,2025-06-21T03:32:43.636363636+05:30,LONG,3509.59,3493.48,100,-1611.51,phase4_synthetic_test
TCS_0144,TCS,2025-06-22T12:36:21.818181818+05:30,2025-06-24T02:36:21.818181818+05:30,SHORT,3590.41,3487.77,100,-10264.6,phase4_synthetic_test
TCS_0145,TCS,2025-06-24T10:40:00+05:30,2025-06-25T07:40:00+05:30,SHORT,3458.61,3511.28,100,5266.57,phase4_synthetic_test
TCS_0146,TCS,2025-06-26T08:43:38.181818182+05:30,2025-06-27T10:43:38.181818182+05:30,LONG,3550.18,3641.93,100,9175.59,phase4_synthetic_test
TCS_0147,TCS,2025-06-28T06:47:16.363636363+05:30,2025-06-28T22:47:16.363636363+05:30,LONG,3463.35,3513.21,100,4985.33,phase4_synthetic_test
TCS_0148,TCS,2025-06-30T04:50:54.545454545+05:30,2025-07-01T13:50:54.545454545+05:30,LONG,3500.74,3585.29,100,8455.39,phase4_synthetic_test
TCS_0149,TCS,2025-07-02T02:54:32.727272727+05:30,2025-07-03T06:54:32.727272727+05:30,SHORT,3516.99,3555.37,100,3838.75,phase4_synthetic_test
TCS_0150,TCS,2025-07-04T00:58:10.909090909+05:30,2025-07-05T15:58:10.909090909+05:30,SHORT,3452.36,3556.75,100,10438.98,phase4_synthetic_test
TCS_0151,TCS,2025-07-05T23:01:49.090909091+05:30,2025-07-06T14:01:49.090909091+05:30,LONG,3563.95,3532.93,100,-3102.67,phase4_synthetic_test
TCS_0152,TCS,2025-07-07T21:05:27.272727272+05:30,2025-07-09T07:05:27.272727272+05:30,LONG,3510.28,3605.19,100,9490.55,phase4_synthetic_test
TCS_0153,TCS,2025-07-09T19:09:05.454545454+05:30,2025-07-10T14:09:05.454545454+05:30,LONG,3471.05,3460.31,100,-1073.69,phase4_synthetic_test
TCS_0154,TCS,2025-07-11T17:12:43.636363636+05:30,2025-07-12T21:12:43.636363636+05:30,SHORT,3470.93,3459.78,100,-1114.81,phase4_synthetic_test
TCS_0155,TCS,2025-07-13T15:16:21.818181818+05:30,2025-07-14T17:16:21.818181818+05:30,SHORT,3504.04,3445.89,100,-5815.88,phase4_synthetic_test
TCS_0156,TCS,2025-07-15T13:20:00+05:30,2025-07-17T10:20:00+05:30,LONG,3569.43,3671.0,100,10156.78,phase4_synthetic_test
TCS_0157,TCS,2025-07-17T11:23:38.181818182+05:30,2025-07-17T19:23:38.181818182+05:30,LONG,3506.43,3556.3,100,4986.89,phase4_synthetic_test
TCS_0158,TCS,2025-07-19T09:27:16.363636364+05:30,2025-07-19T23:27:16.363636364+05:30,LONG,3450.02,3370.75,100,-7926.76,phase4_synthetic_test
TCS_0159,TCS,2025-07-21T07:30:54.545454546+05:30,2025-07-21T20:30:54.545454546+05:30,SHORT,3623.16,3551.36,100,-7180.08,phase4_synthetic_test
TCS_0160,TCS,2025-07-23T05:34:32.727272726+05:30,2025-07-24T22:34:32.727272726+05:30,SHORT,3440.1,3528.14,100,8803.97,phase4_synthetic_test
TCS_0161,TCS,2025-07-25T03:38:10.909090908+05:30,2025-07-27T00:38:10.909090908+05:30,LONG,3554.87,3532.82,100,-2204.34,phase4_synthetic_test
TCS_0162,TCS,2025-07-27T01:41:49.090909090+05:30,2025-07-27T06:41:49.090909090+05:30,LONG,3441.88,3355.42,100,-8645.68,phase4_synthetic_test
TCS_0163,TCS,2025-07-28T23:45:27.272727272+05:30,2025-07-29T21:45:27.272727272+05:30,LONG,3550.84,3568.16,100,1732.21,phase4_synthetic_test
TCS_0164,TCS,2025-07-30T21:49:05.454545454+05:30,2025-07-31T22:49:05.454545454+05:30,SHORT,3629.48,3562.61,100,-6686.31,phase4_synthetic_test
TCS_0165,TCS,2025-08-01T19:52:43.636363636+05:30,2025-08-02T23:52:43.636363636+05:30,SHORT,3498.21,3479.03,100,-1918.1,phase4_synthetic_test
TCS_0166,TCS,2025-08-03T17:56:21.818181818+05:30,2025-08-05T03:56:21.818181818+05:30,LONG,3482.92,3479.09,100,-383.11,phase4_synthetic_test
TCS_0167,TCS,2025-08-05T16:00:00+05:30,2025-08-07T10:00:00+05:30,LONG,3556.89,3540.72,100,-1617.2,phase4_synthetic_test
TCS_0168,TCS,2025-08-07T14:03:38.181818182+05:30,2025-08-09T08:03:38.181818182+05:30,LONG,3465.52,3451.89,100,-1362.95,phase4_synthetic_test
TCS_0169,TCS,2025-08-09T12:07:16.363636364+05:30,2025-08-10T19:07:16.363636364+05:30,SHORT,3548.89,3533.74,100,-1515.4,phase4_synthetic_test
TCS_0170,TCS,2025-08-11T10:10:54.545454546+05:30,2025-08-11T21:10:54.545454546+05:30,SHORT,3440.09,3520.89,100,8079.89,phase4_synthetic_test
TCS_0171,TCS,2025-08-13T08:14:32.727272726+05:30,2025-08-13T12:14:32.727272726+05:30,LONG,3463.25,3500.87,100,3761.91,phase4_synthetic_test
TCS_0172,TCS,2025-08-15T06:18:10.909090908+05:30,2025-08-16T10:18:10.909090908+05:30,LONG,3461.3,3537.85,100,7655.0,phase4_synthetic_test
TCS_0173,TCS,2025-08-17T04:21:49.090909090+05:30,2025-08-17T13:21:49.090909090+05:30,LONG,3566.91,3631.56,100,6465.57,phase4_synthetic_test
TCS_0174,TCS,2025-08-19T02:25:27.272727272+05:30,2025-08-21T02:25:27.272727272+05:30,SHORT,3457.32,3554.76,100,9743.74,phase4_synthetic_test
TCS_0175,TCS,2025-08-21T00:29:05.454545454+05:30,2025-08-22T00:29:05.454545454+05:30,SHORT,3542.09,3440.33,100,-10175.77,phase4_synthetic_test
TCS_0176,TCS,2025-08-22T22:32:43.636363636+05:30,2025-08-24T12:32:43.636363636+05:30,LONG,3440.56,3480.9,100,4033.94,phase4_synthetic_test
TCS_0177,TCS,2025-08-24T20:36:21.818181818+05:30,2025-08-26T16:36:21.818181818+05:30,LONG,3471.23,3412.25,100,-5898.12,phase4_synthetic_test
TCS_0178,TCS,2025-08-26T18:40:00+05:30,2025-08-26T22:40:00+05:30,LONG,3511.8,3538.68,100,2687.75,phase4_synthetic_test
TCS_0179,TCS,2025-08-28T16:43:38.181818182+05:30,2025-08-29T11:43:38.181818182+05:30,SHORT,3608.75,3558.14,100,-5061.82,phase4_synthetic_test
TCS_0180,TCS,2025-08-30T14:47:16.363636364+05:30,2025-08-31T03:47:16.363636364+05:30,SHORT,3650.7,3554.64,100,-9606.3,phase4_synthetic_test
TCS_0181,TCS,2025-09-01T12:50:54.545454544+05:30,2025-09-02T03:50:54.545454544+05:30,LONG,3476.99,3394.95,100,-8203.84,phase4_synthetic_test
TCS_0182,TCS,2025-09-03T10:54:32.727272726+05:30,2025-09-04T17:54:32.727272726+05:30,LONG,3484.36,3515.06,100,3070.03,phase4_synthetic_test
TCS_0183,TCS,2025-09-05T08:58:10.909090908+05:30,2025-09-06T15:58:10.909090908+05:30,LONG,3566.42,3476.06,100,-9035.84,phase4_synthetic_test
TCS_0184,TCS,2025-09-07T07:01:49.090909090+05:30,2025-09-08T13:01:49.090909090+05:30,SHORT,3546.73,3505.05,100,-4167.4,phase4_synthetic_test
TCS_0185,TCS,2025-09-09T05:05:27.272727272+05:30,2025-09-10T17:05:27.272727272+05:30,SHORT,3495.67,3514.39,100,1872.32,phase4_synthetic_test
TCS_0186,TCS,2025-09-11T03:09:05.454545454+05:30,2025-09-12T11:09:05.454545454+05:30,LONG,3440.67,3364.94,100,-7572.53,phase4_synthetic_test
TCS_0187,TCS,2025-09-13T01:12:43.636363636+05:30,2025-09-13T10:12:43.636363636+05:30,LONG,3531.6,3626.91,100,9531.08,phase4_synthetic_test
TCS_0188,TCS,2025-09-14T23:16:21.818181818+05:30,2025-09-16T03:16:21.818181818+05:30,LONG,3560.58,3543.12,100,-1746.61,phase4_synthetic_test
TCS_0189,TCS,2025-09-16T21:20:00+05:30,2025-09-18T21:20:00+05:30,SHORT,3417.44,3487.58,100,7013.5,phase4_synthetic_test
TCS_0190,TCS,2025-09-18T19:23:38.181818182+05:30,2025-09-18T23:23:38.181818182+05:30,SHORT,3563.74,3567.94,100,420.23,phase4_synthetic_test
TCS_0191,TCS,2025-09-20T17:27:16.363636364+05:30,2025-09-21T07:27:16.363636364+05:30,LONG,3483.32,3503.0,100,1967.33,phase4_synthetic_test
TCS_0192,TCS,2025-09-22T15:30:54.545454544+05:30,2025-09-23T16:30:54.545454544+05:30,LONG,3509.67,3578.99,100,6931.55,phase4_synthetic_test
TCS_0193,TCS,2025-09-24T13:34:32.727272726+05:30,2025-09-26T01:34:32.727272726+05:30,LONG,3488.07,3481.52,100,-655.2,phase4_synthetic_test
TCS_0194,TCS,2025-09-26T11:38:10.909090908+05:30,2025-09-26T15:38:10.909090908+05:30,SHORT,3340.16,3440.55,100,10039.42,phase4_synthetic_test
TCS_0195,TCS,2025-09-28T09:41:49.090909090+05:30,2025-09-29T16:41:49.090909090+05:30,SHORT,3636.98,3569.96,100,-6702.27,phase4_synthetic_test
TCS_0196,TCS,2025-09-30T07:45:27.272727272+05:30,2025-10-02T00:45:27.272727272+05:30,LONG,3511.92,3598.98,100,8706.03,phase4_synthetic_test
TCS_0197,TCS,2025-10-02T05:49:05.454545454+05:30,2025-10-03T21:49:05.454545454+05:30,LONG,3482.9,3536.62,100,5372.33,phase4_synthetic_test
TCS_0198,TCS,2025-10-04T03:52:43.636363636+05:30,2025-10-05T03:52:43.636363636+05:30,LONG,3448.08,3437.85,100,-1023.17,phase4_synthetic_test
TCS_0199,TCS,2025-10-06T01:56:21.818181818+05:30,2025-10-07T23:00:00+05:30,SHORT,3484.06,3462.01,100,-2205.47,phase4_synthetic_test
TCS_0200,TCS,2025-10-08T00:00:00+05:30,2025-10-07T23:00:00+05:30,SHORT,3504.81,3480.14,100,-2466.62,phase4_synthetic_test
INFY_0201,INFY,2025-04-01T00:00:00+05:30,2025-04-01T11:00:00+05:30,LONG,1499.89,1456.89,100,-4300.02,phase4_synthetic_test
INFY_0202,INFY,2025-04-02T22:03:38.181818181+05:30,2025-04-03T04:03:38.181818181+05:30,LONG,1521.13,1522.97,100,184.03,phase4_synthetic_test
INFY_0203,INFY,2025-04-04T20:07:16.363636363+05:30,2025-04-06T19:07:16.363636363+05:30,LONG,1522.6,1528.17,100,556.7,phase4_synthetic_test
INFY_0204,INFY,2025-04-06T18:10:54.545454545+05:30,2025-04-07T14:10:54.545454545+05:30,SHORT,1439.41,1471.73,100,3231.78,phase4_synthetic_test
INFY_0205,INFY,2025-04-08T16:14:32.727272727+05:30,2025-04-09T10:14:32.727272727+05:30,SHORT,1534.12,1508.36,100,-2576.3,phase4_synthetic_test
INFY_0206,INFY,2025-04-10T14:18:10.909090909+05:30,2025-04-11T04:18:10.909090909+05:30,LONG,1478.18,1452.72,100,-2545.75,phase4_synthetic_test
INFY_0207,INFY,2025-04-12T12:21:49.090909090+05:30,2025-04-14T01:21:49.090909090+05:30,LONG,1505.4,1491.9,100,-1349.55,phase4_synthetic_test
INFY_0208,INFY,2025-04-14T10:25:27.272727272+05:30,2025-04-15T19:25:27.272727272+05:30,LONG,1475.46,1480.31,100,485.27,phase4_synthetic_test
INFY_0209,INFY,2025-04-16T08:29:05.454545454+05:30,2025-04-17T21:29:05.454545454+05:30,SHORT,1487.17,1500.84,100,1366.47,phase4_synthetic_test
INFY_0210,INFY,2025-04-18T06:32:43.636363636+05:30,2025-04-19T09:32:43.636363636+05:30,SHORT,1524.52,1487.88,100,-3664.39,phase4_synthetic_test
INFY_0211,INFY,2025-04-20T04:36:21.818181818+05:30,2025-04-22T01:36:21.818181818+05:30,LONG,1526.97,1560.17,100,3319.91,phase4_synthetic_test
INFY_0212,INFY,2025-04-22T02:40:00+05:30,2025-04-22T09:40:00+05:30,LONG,1520.53,1516.82,100,-370.89,phase4_synthetic_test
INFY_0213,INFY,2025-04-24T00:43:38.181818181+05:30,2025-04-24T20:43:38.181818181+05:30,LONG,1497.55,1475.83,100,-2172.24,phase4_synthetic_test
INFY_0214,INFY,2025-04-25T22:47:16.363636363+05:30,2025-04-27T11:47:16.363636363+05:30,SHORT,1501.65,1490.84,100,-1080.62,phase4_synthetic_test
INFY_0215,INFY,2025-04-27T20:50:54.545454545+05:30,2025-04-29T18:50:54.545454545+05:30,SHORT,1497.62,1490.49,100,-712.31,phase4_synthetic_test
INFY_0216,INFY,2025-04-29T18:54:32.727272727+05:30,2025-04-30T20:54:32.727272727+05:30,LONG,1479.11,1446.1,100,-3300.98,phase4_synthetic_test
INFY_0217,INFY,2025-05-01T16:58:10.909090909+05:30,2025-05-02T11:58:10.909090909+05:30,LONG,1480.91,1493.43,100,1251.74,phase4_synthetic_test
INFY_0218,INFY,2025-05-03T15:01:49.090909091+05:30,2025-05-04T19:01:49.090909091+05:30,LONG,1498.44,1534.11,100,3567.38,phase4_synthetic_test
INFY_0219,INFY,2025-05-05T13:05:27.272727272+05:30,2025-05-06T21:05:27.272727272+05:30,SHORT,1548.87,1506.12,100,-4275.35,phase4_synthetic_test
INFY_0220,INFY,2025-05-07T11:09:05.454545454+05:30,2025-05-08T09:09:05.454545454+05:30,SHORT,1519.49,1490.7,100,-2878.17,phase4_synthetic_test
INFY_0221,INFY,2025-05-09T09:12:43.636363636+05:30,2025-05-11T06:12:43.636363636+05:30,LONG,1475.32,1446.73,100,-2859.08,phase4_synthetic_test
INFY_0222,INFY,2025-05-11T07:16:21.818181818+05:30,2025-05-11T11:16:21.818181818+05:30,LONG,1491.36,1494.44,100,308.03,phase4_synthetic_test
INFY_0223,INFY,2025-05-13T05:20:00+05:30,2025-05-14T18:20:00+05:30,LONG,1489.81,1456.62,100,-3318.56,phase4_synthetic_test
INFY_0224,INFY,2025-05-15T03:23:38.181818181+05:30,2025-05-16T09:23:38.181818181+05:30,SHORT,1476.01,1517.96,100,4195.85,phase4_synthetic_test
INFY_0225,INFY,2025-05-17T01:27:16.363636363+05:30,2025-05-18T02:27:16.363636363+05:30,SHORT,1484.21,1522.41,100,3820.42,phase4_synthetic_test
INFY_0226,INFY,2025-05-18T23:30:54.545454545+05:30,2025-05-19T19:30:54.545454545+05:30,LONG,1518.37,1498.05,100,-2032.7,phase4_synthetic_test
INFY_0227,INFY,2025-05-20T21:34:32.727272727+05:30,2025-05-22T11:34:32.727272727+05:30,LONG,1482.56,1454.5,100,-2806.3,phase4_synthetic_test
INFY_0228,INFY,2025-05-22T19:38:10.909090909+05:30,2025-05-23T20:38:10.909090909+05:30,LONG,1515.6,1491.6,100,-2399.65,phase4_synthetic_test
INFY_0229,INFY,2025-05-24T17:41:49.090909091+05:30,2025-05-25T10:41:49.090909091+05:30,SHORT,1511.44,1514.85,100,340.53,phase4_synthetic_test
INFY_0230,INFY,2025-05-26T15:45:27.272727273+05:30,2025-05-27T08:45:27.272727273+05:30,SHORT,1446.75,1477.99,100,3123.82,phase4_synthetic_test
INFY_0231,INFY,2025-05-28T13:49:05.454545454+05:30,2025-05-28T19:49:05.454545454+05:30,LONG,1500.7,1536.29,100,3558.52,phase4_synthetic_test
INFY_0232,INFY,2025-05-30T11:52:43.636363636+05:30,2025-06-01T11:52:43.636363636+05:30,LONG,1491.25,1524.11,100,3285.65,phase4_synthetic_test
INFY_0233,INFY,2025-06-01T09:56:21.818181818+05:30,2025-06-02T03:56:21.818181818+05:30,LONG,1514.24,1478.34,100,-3589.95,phase4_synthetic_test
INFY_0234,INFY,2025-06-03T08:00:00+05:30,2025-06-04T15:00:00+05:30,SHORT,1446.44,1489.32,100,4288.62,phase4_synthetic_test
INFY_0235,INFY,2025-06-05T06:03:38.181818182+05:30,2025-06-07T00:03:38.181818182+05:30,SHORT,1465.1,1502.12,100,3702.39,phase4_synthetic_test
INFY_0236,INFY,2025-06-07T04:07:16.363636363+05:30,2025-06-08T08:07:16.363636363+05:30,LONG,1505.62,1540.89,100,3527.9,phase4_synthetic_test
INFY_0237,INFY,2025-06-09T02:10:54.545454545+05:30,2025-06-09T09:10:54.545454545+05:30,LONG,1508.93,1495.81,100,-1311.82,phase4_synthetic_test
INFY_0238,INFY,2025-06-11T00:14:32.727272727+05:30,2025-06-11T21:14:32.727272727+05:30,LONG,1502.23,1464.99,100,-3723.24,phase4_synthetic_test
INFY_0239,INFY,2025-06-12T22:18:10.909090909+05:30,2025-06-14T11:18:10.909090909+05:30,SHORT,1510.41,1505.19,100,-521.48,phase4_synthetic_test
INFY_0240,INFY,2025-06-14T20:21:49.090909091+05:30,2025-06-16T19:21:49.090909091+05:30,SHORT,1453.8,1487.03,100,3322.79,phase4_synthetic_test
INFY_0241,INFY,2025-06-16T18:25:27.272727272+05:30,2025-06-17T03:25:27.272727272+05:30,LONG,1506.45,1542.58,100,3612.3,phase4_synthetic_test
INFY_0242,INFY,2025-06-18T16:29:05.454545454+05:30,2025-06-20T16:29:05.454545454+05:30,LONG,1526.02,1510.49,100,-1553.35,phase4_synthetic_test
INFY_0243,INFY,2025-06-20T14:32:43.636363636+05:30,2025-06-21T15:32:43.636363636+05:30,LONG,1491.92,1467.33,100,-2458.69,phase4_synthetic_test
INFY_0244,INFY,2025-06-22T12:36:21.818181818+05:30,2025-06-22T19:36:21.818181818+05:30,SHORT,1506.33,1475.27,100,-3105.31,phase4_synthetic_test
INFY_0245,INFY,2025-06-24T10:40:00+05:30,2025-06-25T19:40:00+05:30,SHORT,1493.94,1523.81,100,2986.29,phase4_synthetic_test
INFY_0246,INFY,2025-06-26T08:43:38.181818182+05:30,2025-06-26T14:43:38.181818182+05:30,LONG,1494.62,1496.82,100,219.81,phase4_synthetic_test
INFY_0247,INFY,2025-06-28T06:47:16.363636363+05:30,2025-06-29T21:47:16.363636363+05:30,LONG,1523.8,1569.26,100,4546.3,phase4_synthetic_test
INFY_0248,INFY,2025-06-30T04:50:54.545454545+05:30,2025-07-01T03:50:54.545454545+05:30,LONG,1521.93,1564.8,100,4287.01,phase4_synthetic_test
INFY_0249,INFY,2025-07-02T02:54:32.727272727+05:30,2025-07-02T11:54:32.727272727+05:30,SHORT,1542.19,1499.44,100,-4274.02,phase4_synthetic_test
INFY_0250,INFY,2025-07-04T00:58:10.909090909+05:30,2025-07-05T17:58:10.909090909+05:30,SHORT,1541.2,1525.76,100,-1543.86,phase4_synthetic_test
INFY_0251,INFY,2025-07-05T23:01:49.090909091+05:30,2025-07-06T17:01:49.090909091+05:30,LONG,1498.6,1501.75,100,315.04,phase4_synthetic_test
INFY_0252,INFY,2025-07-07T21:05:27.272727272+05:30,2025-07-09T21:05:27.272727272+05:30,LONG,1481.22,1505.17,100,2395.07,phase4_synthetic_test
INFY_0253,INFY,2025-07-09T19:09:05.454545454+05:30,2025-07-10T02:09:05.454545454+05:30,LONG,1500.46,1493.74,100,-671.28,phase4_synthetic_test
INFY_0254,INFY,2025-07-11T17:12:43.636363636+05:30,2025-07-12T08:12:43.636363636+05:30,SHORT,1471.82,1506.64,100,3481.81,phase4_synthetic_test
INFY_0255,INFY,2025-07-13T15:16:21.818181818+05:30,2025-07-15T08:16:21.818181818+05:30,SHORT,1486.47,1479.26,100,-721.04,phase4_synthetic_test
INFY_0256,INFY,2025-07-15T13:20:00+05:30,2025-07-17T04:20:00+05:30,LONG,1505.63,1489.43,100,-1620.28,phase4_synthetic_test
INFY_0257,INFY,2025-07-17T11:23:38.181818182+05:30,2025-07-17T20:23:38.181818182+05:30,LONG,1478.06,1463.57,100,-1449.06,phase4_synthetic_test
INFY_0258,INFY,2025-07-19T09:27:16.363636364+05:30,2025-07-20T11:27:16.363636364+05:30,LONG,1482.1,1486.45,100,435.04,phase4_synthetic_test
INFY_0259,INFY,2025-07-21T07:30:54.545454546+05:30,2025-07-23T02:30:54.545454546+05:30,SHORT,1512.89,1485.28,100,-2761.5,phase4_synthetic_test
INFY_0260,INFY,2025-07-23T05:34:32.727272726+05:30,2025-07-24T21:34:32.727272726+05:30,SHORT,1432.93,1477.0,100,4406.98,phase4_synthetic_test
INFY_0261,INFY,2025-07-25T03:38:10.909090908+05:30,2025-07-25T21:38:10.909090908+05:30,LONG,1494.71,1492.16,100,-254.91,phase4_synthetic_test
INFY_0262,INFY,2025-07-27T01:41:49.090909090+05:30,2025-07-28T10:41:49.090909090+05:30,LONG,1521.04,1485.15,100,-3589.37,phase4_synthetic_test
INFY_0263,INFY,2025-07-28T23:45:27.272727272+05:30,2025-07-30T22:45:27.272727272+05:30,LONG,1525.98,1517.6,100,-837.59,phase4_synthetic_test
INFY_0264,INFY,2025-07-30T21:49:05.454545454+05:30,2025-07-31T11:49:05.454545454+05:30,SHORT,1519.82,1480.87,100,-3894.76,phase4_synthetic_test
INFY_0265,INFY,2025-08-01T19:52:43.636363636+05:30,2025-08-03T09:52:43.636363636+05:30,SHORT,1552.02,1513.3,100,-3872.06,phase4_synthetic_test
INFY_0266,INFY,2025-08-03T17:56:21.818181818+05:30,2025-08-05T01:56:21.818181818+05:30,LONG,1517.72,1484.91,100,-3280.34,phase4_synthetic_test
INFY_0267,INFY,2025-08-05T16:00:00+05:30,2025-08-06T09:00:00+05:30,LONG,1519.51,1546.82,100,2730.89,phase4_synthetic_test
INFY_0268,INFY,2025-08-07T14:03:38.181818182+05:30,2025-08-09T06:03:38.181818182+05:30,LONG,1509.91,1538.41,100,2849.88,phase4_synthetic_test
INFY_0269,INFY,2025-08-09T12:07:16.363636364+05:30,2025-08-10T17:07:16.363636364+05:30,SHORT,1525.41,1488.97,100,-3643.81,phase4_synthetic_test
INFY_0270,INFY,2025-08-11T10:10:54.545454546+05:30,2025-08-13T07:10:54.545454546+05:30,SHORT,1509.19,1519.0,100,980.25,phase4_synthetic_test
INFY_0271,INFY,2025-08-13T08:14:32.727272726+05:30,2025-08-15T02:14:32.727272726+05:30,LONG,1523.98,1543.53,100,1954.8,phase4_synthetic_test
INFY_0272,INFY,2025-08-15T06:18:10.909090908+05:30,2025-08-16T23:18:10.909090908+05:30,LONG,1496.32,1499.9,100,357.15,phase4_synthetic_test
INFY_0273,INFY,2025-08-17T04:21:49.090909090+05:30,2025-08-18T16:21:49.090909090+05:30,LONG,1523.97,1499.49,100,-2448.61,phase4_synthetic_test
INFY_0274,INFY,2025-08-19T02:25:27.272727272+05:30,2025-08-19T07:25:27.272727272+05:30,SHORT,1528.37,1524.39,100,-398.35,phase4_synthetic_test
INFY_0275,INFY,2025-08-21T00:29:05.454545454+05:30,2025-08-22T18:29:05.454545454+05:30,SHORT,1491.3,1526.39,100,3508.58,phase4_synthetic_test
INFY_0276,INFY,2025-08-22T22:32:43.636363636+05:30,2025-08-23T08:32:43.636363636+05:30,LONG,1511.62,1532.53,100,2091.02,phase4_synthetic_test
INFY_0277,INFY,2025-08-24T20:36:21.818181818+05:30,2025-08-25T14:36:21.818181818+05:30,LONG,1499.73,1533.8,100,3407.04,phase4_synthetic_test
INFY_0278,INFY,2025-08-26T18:40:00+05:30,2025-08-28T03:40:00+05:30,LONG,1517.32,1553.18,100,3585.96,phase4_synthetic_test
INFY_0279,INFY,2025-08-28T16:43:38.181818182+05:30,2025-08-30T09:43:38.181818182+05:30,SHORT,1535.32,1512.42,100,-2290.44,phase4_synthetic_test
INFY_0280,INFY,2025-08-30T14:47:16.363636364+05:30,2025-08-31T20:47:16.363636364+05:30,SHORT,1493.56,1472.01,100,-2154.55,phase4_synthetic_test
INFY_0281,INFY,2025-09-01T12:50:54.545454544+05:30,2025-09-02T13:50:54.545454544+05:30,LONG,1499.64,1518.9,100,1926.11,phase4_synthetic_test
INFY_0282,INFY,2025-09-03T10:54:32.727272726+05:30,2025-09-03T23:54:32.727272726+05:30,LONG,1519.28,1504.88,100,-1439.53,phase4_synthetic_test
INFY_0283,INFY,2025-09-05T08:58:10.909090908+05:30,2025-09-06T18:58:10.909090908+05:30,LONG,1497.42,1486.53,100,-1088.73,phase4_synthetic_test
INFY_0284,INFY,2025-09-07T07:01:49.090909090+05:30,2025-09-08T01:01:49.090909090+05:30,SHORT,1505.38,1479.0,100,-2638.19,phase4_synthetic_test
INFY_0285,INFY,2025-09-09T05:05:27.272727272+05:30,2025-09-09T12:05:27.272727272+05:30,SHORT,1533.38,1513.2,100,-2017.88,phase4_synthetic_test
INFY_0286,INFY,2025-09-11T03:09:05.454545454+05:30,2025-09-12T13:09:05.454545454+05:30,LONG,1503.93,1512.81,100,888.31,phase4_synthetic_test
INFY_0287,INFY,2025-09-13T01:12:43.636363636+05:30,2025-09-14T06:12:43.636363636+05:30,LONG,1490.74,1468.54,100,-2220.02,phase4_synthetic_test
INFY_0288,INFY,2025-09-14T23:16:21.818181818+05:30,2025-09-15T13:16:21.818181818+05:30,LONG,1490.55,1531.61,100,4105.65,phase4_synthetic_test
INFY_0289,INFY,2025-09-16T21:20:00+05:30,2025-09-17T06:20:00+05:30,SHORT,1488.81,1497.72,100,890.98,phase4_synthetic_test
INFY_0290,INFY,2025-09-18T19:23:38.181818182+05:30,2025-09-20T17:23:38.181818182+05:30,SHORT,1473.87,1505.17,100,3130.6,phase4_synthetic_test
INFY_0291,INFY,2025-09-20T17:27:16.363636364+05:30,2025-09-21T14:27:16.363636364+05:30,LONG,1471.09,1480.92,100,983.75,phase4_synthetic_test
INFY_0292,INFY,2025-09-22T15:30:54.545454544+05:30,2025-09-24T13:30:54.545454544+05:30,LONG,1503.91,1542.9,100,3899.2,phase4_synthetic_test
INFY_0293,INFY,2025-09-24T13:34:32.727272726+05:30,2025-09-24T20:34:32.727272726+05:30,LONG,1471.38,1496.99,100,2560.95,phase4_synthetic_test
INFY_0294,INFY,2025-09-26T11:38:10.909090908+05:30,2025-09-28T08:38:10.909090908+05:30,SHORT,1516.76,1492.47,100,-2428.96,phase4_synthetic_test
INFY_0295,INFY,2025-09-28T09:41:49.090909090+05:30,2025-09-28T21:41:49.090909090+05:30,SHORT,1507.29,1514.19,100,689.28,phase4_synthetic_test
INFY_0296,INFY,2025-09-30T07:45:27.272727272+05:30,2025-10-02T02:45:27.272727272+05:30,LONG,1524.64,1555.78,100,3114.29,phase4_synthetic_test
INFY_0297,INFY,2025-10-02T05:49:05.454545454+05:30,2025-10-02T09:49:05.454545454+05:30,LONG,1529.09,1493.61,100,-3548.36,phase4_synthetic_test
INFY_0298,INFY,2025-10-04T03:52:43.636363636+05:30,2025-10-05T18:52:43.636363636+05:30,LONG,1525.25,1490.9,100,-3434.9,phase4_synthetic_test
INFY_0299,INFY,2025-10-06T01:56:21.818181818+05:30,2025-10-07T20:56:21.818181818+05:30,SHORT,1502.42,1492.76,100,-966.36,phase4_synthetic_test
INFY_0300,INFY,2025-10-08T00:00:00+05:30,2025-10-07T23:00:00+05:30,SHORT,1490.46,1517.27,100,2680.28,phase4_synthetic_test
NIFTY_0301,NIFTY,2025-04-01T00:00:00+05:30,2025-04-02T05:00:00+05:30,LONG,21910.39,21691.5,100,-21888.59,phase4_synthetic_test
NIFTY_0302,NIFTY,2025-04-02T22:03:38.181818181+05:30,2025-04-04T02:03:38.181818181+05:30,LONG,22372.21,22860.17,100,48796.21,phase4_synthetic_test
NIFTY_0303,NIFTY,2025-04-04T20:07:16.363636363+05:30,2025-04-05T06:07:16.363636363+05:30,LONG,22209.0,22005.06,100,-20394.1,phase4_synthetic_test
NIFTY_0304,NIFTY,2025-04-06T18:10:54.545454545+05:30,2025-04-07T14:10:54.545454545+05:30,SHORT,21701.69,21588.91,100,-11278.25,phase4_synthetic_test
NIFTY_0305,NIFTY,2025-04-08T16:14:32.727272727+05:30,2025-04-09T19:14:32.727272727+05:30,SHORT,21806.75,21705.65,100,-10110.31,phase4_synthetic_test
NIFTY_0306,NIFTY,2025-04-10T14:18:10.909090909+05:30,2025-04-11T17:18:10.909090909+05:30,LONG,22246.84,21995.19,100,-25164.75,phase4_synthetic_test
NIFTY_0307,NIFTY,2025-04-12T12:21:49.090909090+05:30,2025-04-14T10:21:49.090909090+05:30,LONG,21571.52,21742.71,100,17118.85,phase4_synthetic_test
NIFTY_0308,NIFTY,2025-04-14T10:25:27.272727272+05:30,2025-04-15T10:25:27.272727272+05:30,LONG,22418.48,22438.89,100,2041.03,phase4_synthetic_test
NIFTY_0309,NIFTY,2025-04-16T08:29:05.454545454+05:30,2025-04-18T04:29:05.454545454+05:30,SHORT,21462.69,21924.87,100,46218.14,phase4_synthetic_test
NIFTY_0310,NIFTY,2025-04-18T06:32:43.636363636+05:30,2025-04-19T13:32:43.636363636+05:30,SHORT,21768.04,21722.33,100,-4570.78,phase4_synthetic_test
NIFTY_0311,NIFTY,2025-04-20T04:36:21.818181818+05:30,2025-04-20T14:36:21.818181818+05:30,LONG,21619.03,21742.76,100,12372.79,phase4_synthetic_test
NIFTY_0312,NIFTY,2025-04-22T02:40:00+05:30,2025-04-23T04:40:00+05:30,LONG,22263.81,22166.01,100,-9779.75,phase4_synthetic_test
NIFTY_0313,NIFTY,2025-04-24T00:43:38.181818181+05:30,2025-04-25T11:43:38.181818181+05:30,LONG,22109.98,22067.84,100,-4214.36,phase4_synthetic_test
NIFTY_0314,NIFTY,2025-04-25T22:47:16.363636363+05:30,2025-04-27T06:47:16.363636363+05:30,SHORT,22020.09,22057.06,100,3696.73,phase4_synthetic_test
NIFTY_0315,NIFTY,2025-04-27T20:50:54.545454545+05:30,2025-04-28T17:50:54.545454545+05:30,SHORT,21914.18,22188.37,100,27418.88,phase4_synthetic_test
NIFTY_0316,NIFTY,2025-04-29T18:54:32.727272727+05:30,2025-04-29T23:54:32.727272727+05:30,LONG,21983.36,22028.8,100,4544.74,phase4_synthetic_test
NIFTY_0317,NIFTY,2025-05-01T16:58:10.909090909+05:30,2025-05-03T01:58:10.909090909+05:30,LONG,21696.61,21774.25,100,7763.96,phase4_synthetic_test
NIFTY_0318,NIFTY,2025-05-03T15:01:49.090909091+05:30,2025-05-03T19:01:49.090909091+05:30,LONG,21626.44,21411.51,100,-21492.86,phase4_synthetic_test
NIFTY_0319,NIFTY,2025-05-05T13:05:27.272727272+05:30,2025-05-05T19:05:27.272727272+05:30,SHORT,21632.56,21798.26,100,16569.82,phase4_synthetic_test
NIFTY_0320,NIFTY,2025-05-07T11:09:05.454545454+05:30,2025-05-09T00:09:05.454545454+05:30,SHORT,21464.16,21582.34,100,11818.38,phase4_synthetic_test
NIFTY_0321,NIFTY,2025-05-09T09:12:43.636363636+05:30,2025-05-10T16:12:43.636363636+05:30,LONG,22322.95,22778.06,100,45510.55,phase4_synthetic_test
NIFTY_0322,NIFTY,2025-05-11T07:16:21.818181818+05:30,2025-05-11T18:16:21.818181818+05:30,LONG,21755.34,21138.04,100,-61729.11,phase4_synthetic_test
NIFTY_0323,NIFTY,2025-05-13T05:20:00+05:30,2025-05-14T08:20:00+05:30,LONG,22004.85,21603.63,100,-40121.91,phase4_synthetic_test
NIFTY_0324,NIFTY,2025-05-15T03:23:38.181818181+05:30,2025-05-15T14:23:38.181818181+05:30,SHORT,21735.08,22263.93,100,52884.58,phase4_synthetic_test
NIFTY_0325,NIFTY,2025-05-17T01:27:16.363636363+05:30,2025-05-17T07:27:16.363636363+05:30,SHORT,22562.52,22049.91,100,-51260.82,phase4_synthetic_test
NIFTY_0326,NIFTY,2025-05-18T23:30:54.545454545+05:30,2025-05-19T10:30:54.545454545+05:30,LONG,21773.99,21250.69,100,-52330.56,phase4_synthetic_test
NIFTY_0327,NIFTY,2025-05-20T21:34:32.727272727+05:30,2025-05-21T14:34:32.727272727+05:30,LONG,22270.03,22407.92,100,13789.25,phase4_synthetic_test
NIFTY_0328,NIFTY,2025-05-22T19:38:10.909090909+05:30,2025-05-23T14:38:10.909090909+05:30,LONG,22147.91,22011.28,100,-13663.02,phase4_synthetic_test
NIFTY_0329,NIFTY,2025-05-24T17:41:49.090909091+05:30,2025-05-25T17:41:49.090909091+05:30,SHORT,21722.42,21845.11,100,12269.22,phase4_synthetic_test
NIFTY_0330,NIFTY,2025-05-26T15:45:27.272727273+05:30,2025-05-27T12:45:27.272727273+05:30,SHORT,21003.07,21635.25,100,63217.94,phase4_synthetic_test
NIFTY_0331,NIFTY,2025-05-28T13:49:05.454545454+05:30,2025-05-29T15:49:05.454545454+05:30,LONG,21668.04,22120.64,100,45259.53,phase4_synthetic_test
NIFTY_0332,NIFTY,2025-05-30T11:52:43.636363636+05:30,2025-05-31T09:52:43.636363636+05:30,LONG,21930.85,22040.12,100,10927.03,phase4_synthetic_test
NIFTY_0333,NIFTY,2025-06-01T09:56:21.818181818+05:30,2025-06-01T14:56:21.818181818+05:30,LONG,22109.79,22654.52,100,54472.86,phase4_synthetic_test
NIFTY_0334,NIFTY,2025-06-03T08:00:00+05:30,2025-06-03T22:00:00+05:30,SHORT,21578.1,21894.13,100,31603.29,phase4_synthetic_test
NIFTY_0335,NIFTY,2025-06-05T06:03:38.181818182+05:30,2025-06-06T08:03:38.181818182+05:30,SHORT,21668.03,22290.98,100,62295.06,phase4_synthetic_test
NIFTY_0336,NIFTY,2025-06-07T04:07:16.363636363+05:30,2025-06-08T20:07:16.363636363+05:30,LONG,22045.8,21925.98,100,-11982.56,phase4_synthetic_test
NIFTY_0337,NIFTY,2025-06-09T02:10:54.545454545+05:30,2025-06-10T15:10:54.545454545+05:30,LONG,21753.17,22224.43,100,47126.24,phase4_synthetic_test
NIFTY_0338,NIFTY,2025-06-11T00:14:32.727272727+05:30,2025-06-12T01:14:32.727272727+05:30,LONG,21660.53,22024.11,100,36358.34,phase4_synthetic_test
NIFTY_0339,NIFTY,2025-06-12T22:18:10.909090909+05:30,2025-06-14T07:18:10.909090909+05:30,SHORT,22330.35,22347.21,100,1685.27,phase4_synthetic_test
NIFTY_0340,NIFTY,2025-06-14T20:21:49.090909091+05:30,2025-06-16T07:21:49.090909091+05:30,SHORT,21482.94,21579.77,100,9683.25,phase4_synthetic_test
NIFTY_0341,NIFTY,2025-06-16T18:25:27.272727272+05:30,2025-06-17T11:25:27.272727272+05:30,LONG,22174.98,22496.55,100,32156.43,phase4_synthetic_test
NIFTY_0342,NIFTY,2025-06-18T16:29:05.454545454+05:30,2025-06-19T20:29:05.454545454+05:30,LONG,21682.63,21367.66,100,-31497.8,phase4_synthetic_test
NIFTY_0343,NIFTY,2025-06-20T14:32:43.636363636+05:30,2025-06-22T12:32:43.636363636+05:30,LONG,21676.4,21574.57,100,-10183.06,phase4_synthetic_test
NIFTY_0344,NIFTY,2025-06-22T12:36:21.818181818+05:30,2025-06-23T20:36:21.818181818+05:30,SHORT,21370.19,21799.63,100,42943.62,phase4_synthetic_test
NIFTY_0345,NIFTY,2025-06-24T10:40:00+05:30,2025-06-25T00:40:00+05:30,SHORT,22452.42,22026.1,100,-42631.59,phase4_synthetic_test
NIFTY_0346,NIFTY,2025-06-26T08:43:38.181818182+05:30,2025-06-28T05:43:38.181818182+05:30,LONG,21801.17,21901.26,100,10008.89,phase4_synthetic_test
NIFTY_0347,NIFTY,2025-06-28T06:47:16.363636363+05:30,2025-06-29T02:47:16.363636363+05:30,LONG,21997.77,21872.71,100,-12505.98,phase4_synthetic_test
NIFTY_0348,NIFTY,2025-06-30T04:50:54.545454545+05:30,2025-06-30T19:50:54.545454545+05:30,LONG,21569.68,21189.73,100,-37994.39,phase4_synthetic_test
NIFTY_0349,NIFTY,2025-07-02T02:54:32.727272727+05:30,2025-07-03T02:54:32.727272727+05:30,SHORT,21485.49,21794.52,100,30902.39,phase4_synthetic_test
NIFTY_0350,NIFTY,2025-07-04T00:58:10.909090909+05:30,2025-07-05T06:58:10.909090909+05:30,SHORT,22217.56,22088.45,100,-12910.23,phase4_synthetic_test
NIFTY_0351,NIFTY,2025-07-05T23:01:49.090909091+05:30,2025-07-06T09:01:49.090909091+05:30,LONG,22297.53,22395.59,100,9805.7,phase4_synthetic_test
NIFTY_0352,NIFTY,2025-07-07T21:05:27.272727272+05:30,2025-07-08T21:05:27.272727272+05:30,LONG,22016.65,21862.27,100,-15437.39,phase4_synthetic_test
NIFTY_0353,NIFTY,2025-07-09T19:09:05.454545454+05:30,2025-07-10T00:09:05.454545454+05:30,LONG,22209.47,21764.77,100,-44470.02,phase4_synthetic_test
NIFTY_0354,NIFTY,2025-07-11T17:12:43.636363636+05:30,2025-07-13T08:12:43.636363636+05:30,SHORT,21971.58,21620.06,100,-35152.39,phase4_synthetic_test
NIFTY_0355,NIFTY,2025-07-13T15:16:21.818181818+05:30,2025-07-14T05:16:21.818181818+05:30,SHORT,21595.68,21872.99,100,27731.4,phase4_synthetic_test
NIFTY_0356,NIFTY,2025-07-15T13:20:00+05:30,2025-07-17T07:20:00+05:30,LONG,22395.39,22543.74,100,14835.33,phase4_synthetic_test
NIFTY_0357,NIFTY,2025-07-17T11:23:38.181818182+05:30,2025-07-18T14:23:38.181818182+05:30,LONG,22204.66,22786.64,100,58197.94,phase4_synthetic_test
NIFTY_0358,NIFTY,2025-07-19T09:27:16.363636364+05:30,2025-07-20T21:27:16.363636364+05:30,LONG,22035.06,21730.86,100,-30420.12,phase4_synthetic_test
NIFTY_0359,NIFTY,2025-07-21T07:30:54.545454546+05:30,2025-07-22T05:30:54.545454546+05:30,SHORT,21728.51,21605.25,100,-12325.1,phase4_synthetic_test
NIFTY_0360,NIFTY,2025-07-23T05:34:32.727272726+05:30,2025-07-25T05:34:32.727272726+05:30,SHORT,21650.45,22108.53,100,45808.15,phase4_synthetic_test
NIFTY_0361,NIFTY,2025-07-25T03:38:10.909090908+05:30,2025-07-25T08:38:10.909090908+05:30,LONG,21626.12,21115.66,100,-51046.52,phase4_synthetic_test
NIFTY_0362,NIFTY,2025-07-27T01:41:49.090909090+05:30,2025-07-27T21:41:49.090909090+05:30,LONG,22180.33,22064.28,100,-11605.61,phase4_synthetic_test
NIFTY_0363,NIFTY,2025-07-28T23:45:27.272727272+05:30,2025-07-30T18:45:27.272727272+05:30,LONG,21776.83,21691.68,100,-8515.53,phase4_synthetic_test
NIFTY_0364,NIFTY,2025-07-30T21:49:05.454545454+05:30,2025-07-31T03:49:05.454545454+05:30,SHORT,21015.8,21562.06,100,54625.49,phase4_synthetic_test
NIFTY_0365,NIFTY,2025-08-01T19:52:43.636363636+05:30,2025-08-03T04:52:43.636363636+05:30,SHORT,21008.03,21650.72,100,64269.67,phase4_synthetic_test
NIFTY_0366,NIFTY,2025-08-03T17:56:21.818181818+05:30,2025-08-05T09:56:21.818181818+05:30,LONG,22367.24,21819.13,100,-54811.08,phase4_synthetic_test
NIFTY_0367,NIFTY,2025-08-05T16:00:00+05:30,2025-08-06T12:00:00+05:30,LONG,21952.49,22545.51,100,59302.97,phase4_synthetic_test
NIFTY_0368,NIFTY,2025-08-07T14:03:38.181818182+05:30,2025-08-08T05:03:38.181818182+05:30,LONG,22328.19,22384.33,100,5613.43,phase4_synthetic_test
NIFTY_0369,NIFTY,2025-08-09T12:07:16.363636364+05:30,2025-08-09T23:07:16.363636364+05:30,SHORT,22413.27,22227.95,100,-18531.36,phase4_synthetic_test
NIFTY_0370,NIFTY,2025-08-11T10:10:54.545454546+05:30,2025-08-13T02:10:54.545454546+05:30,SHORT,22564.64,22307.29,100,-25735.02,phase4_synthetic_test
NIFTY_0371,NIFTY,2025-08-13T08:14:32.727272726+05:30,2025-08-14T12:14:32.727272726+05:30,LONG,22129.07,22664.63,100,53556.38,phase4_synthetic_test
NIFTY_0372,NIFTY,2025-08-15T06:18:10.909090908+05:30,2025-08-16T11:18:10.909090908+05:30,LONG,22149.53,21553.61,100,-59591.65,phase4_synthetic_test
NIFTY_0373,NIFTY,2025-08-17T04:21:49.090909090+05:30,2025-08-18T15:21:49.090909090+05:30,LONG,22374.22,22650.19,100,27597.5,phase4_synthetic_test
NIFTY_0374,NIFTY,2025-08-19T02:25:27.272727272+05:30,2025-08-20T04:25:27.272727272+05:30,SHORT,22050.01,21976.42,100,-7358.57,phase4_synthetic_test
NIFTY_0375,NIFTY,2025-08-21T00:29:05.454545454+05:30,2025-08-21T10:29:05.454545454+05:30,SHORT,21553.68,22173.73,100,62004.94,phase4_synthetic_test
NIFTY_0376,NIFTY,2025-08-22T22:32:43.636363636+05:30,2025-08-23T10:32:43.636363636+05:30,LONG,21661.45,21261.92,100,-39952.5,phase4_synthetic_test
NIFTY_0377,NIFTY,2025-08-24T20:36:21.818181818+05:30,2025-08-25T22:36:21.818181818+05:30,LONG,22215.66,22609.33,100,39367.28,phase4_synthetic_test
NIFTY_0378,NIFTY,2025-08-26T18:40:00+05:30,2025-08-28T12:40:00+05:30,LONG,22019.74,21960.48,100,-5926.35,phase4_synthetic_test
NIFTY_0379,NIFTY,2025-08-28T16:43:38.181818182+05:30,2025-08-30T10:43:38.181818182+05:30,SHORT,21471.21,22084.72,100,61350.33,phase4_synthetic_test
NIFTY_0380,NIFTY,2025-08-30T14:47:16.363636364+05:30,2025-09-01T04:47:16.363636364+05:30,SHORT,22063.37,21983.33,100,-8003.32,phase4_synthetic_test
NIFTY_0381,NIFTY,2025-09-01T12:50:54.545454544+05:30,2025-09-01T18:50:54.545454544+05:30,LONG,21859.09,22116.53,100,25744.16,phase4_synthetic_test
NIFTY_0382,NIFTY,2025-09-03T10:54:32.727272726+05:30,2025-09-04T12:54:32.727272726+05:30,LONG,21837.46,21267.96,100,-56949.07,phase4_synthetic_test
NIFTY_0383,NIFTY,2025-09-05T08:58:10.909090908+05:30,2025-09-05T15:58:10.909090908+05:30,LONG,21840.5,22221.47,100,38097.24,phase4_synthetic_test
NIFTY_0384,NIFTY,2025-09-07T07:01:49.090909090+05:30,2025-09-08T04:01:49.090909090+05:30,SHORT,21962.14,21935.6,100,-2654.4,phase4_synthetic_test
NIFTY_0385,NIFTY,2025-09-09T05:05:27.272727272+05:30,2025-09-11T04:05:27.272727272+05:30,SHORT,21235.69,21581.47,100,34578.77,phase4_synthetic_test
NIFTY_0386,NIFTY,2025-09-11T03:09:05.454545454+05:30,2025-09-13T00:09:05.454545454+05:30,LONG,21560.21,22194.52,100,63431.17,phase4_synthetic_test
NIFTY_0387,NIFTY,2025-09-13T01:12:43.636363636+05:30,2025-09-13T17:12:43.636363636+05:30,LONG,22386.38,22425.25,100,3886.79,phase4_synthetic_test
NIFTY_0388,NIFTY,2025-09-14T23:16:21.818181818+05:30,2025-09-16T13:16:21.818181818+05:30,LONG,21568.35,21011.92,100,-55642.49,phase4_synthetic_test
NIFTY_0389,NIFTY,2025-09-16T21:20:00+05:30,2025-09-18T05:20:00+05:30,SHORT,22265.0,21913.7,100,-35130.5,phase4_synthetic_test
NIFTY_0390,NIFTY,2025-09-18T19:23:38.181818182+05:30,2025-09-20T18:23:38.181818182+05:30,SHORT,22499.66,22328.84,100,-17082.29,phase4_synthetic_test
NIFTY_0391,NIFTY,2025-09-20T17:27:16.363636364+05:30,2025-09-21T06:27:16.363636364+05:30,LONG,21856.01,21320.58,100,-53542.93,phase4_synthetic_test
NIFTY_0392,NIFTY,2025-09-22T15:30:54.545454544+05:30,2025-09-23T14:30:54.545454544+05:30,LONG,21770.12,22080.46,100,31033.18,phase4_synthetic_test
NIFTY_0393,NIFTY,2025-09-24T13:34:32.727272726+05:30,2025-09-24T19:34:32.727272726+05:30,LONG,21821.36,21778.56,100,-4279.94,phase4_synthetic_test
NIFTY_0394,NIFTY,2025-09-26T11:38:10.909090908+05:30,2025-09-26T18:38:10.909090908+05:30,SHORT,22363.96,22078.42,100,-28554.45,phase4_synthetic_test
NIFTY_0395,NIFTY,2025-09-28T09:41:49.090909090+05:30,2025-09-28T13:41:49.090909090+05:30,SHORT,22131.48,21599.69,100,-53179.18,phase4_synthetic_test
NIFTY_0396,NIFTY,2025-09-30T07:45:27.272727272+05:30,2025-10-01T01:45:27.272727272+05:30,LONG,22158.09,22004.3,100,-15378.6,phase4_synthetic_test
NIFTY_0397,NIFTY,2025-10-02T05:49:05.454545454+05:30,2025-10-02T20:49:05.454545454+05:30,LONG,22262.23,22871.88,100,60964.99,phase4_synthetic_test
NIFTY_0398,NIFTY,2025-10-04T03:52:43.636363636+05:30,2025-10-05T19:52:43.636363636+05:30,LONG,21927.47,21387.28,100,-54019.07,phase4_synthetic_test
NIFTY_0399,NIFTY,2025-10-06T01:56:21.818181818+05:30,2025-10-07T04:56:21.818181818+05:30,SHORT,22056.58,22099.8,100,4322.52,phase4_synthetic_test
NIFTY_0400,NIFTY,2025-10-08T00:00:00+05:30,2025-10-07T23:00:00+05:30,SHORT,21932.82,21617.19,100,-31563.62,phase4_synthetic_test
BANKNIFTY_0401,BANKNIFTY,2025-04-01T00:00:00+05:30,2025-04-01T11:00:00+05:30,LONG,48287.32,49570.02,100,128269.99,phase4_synthetic_test
BANKNIFTY_0402,BANKNIFTY,2025-04-02T22:03:38.181818181+05:30,2025-04-04T22:03:38.181818181+05:30,LONG,47130.14,46056.53,100,-107360.91,phase4_synthetic_test
BANKNIFTY_0403,BANKNIFTY,2025-04-04T20:07:16.363636363+05:30,2025-04-06T01:07:16.363636363+05:30,LONG,48877.96,47519.34,100,-135861.58,phase4_synthetic_test
BANKNIFTY_0404,BANKNIFTY,2025-04-06T18:10:54.545454545+05:30,2025-04-07T03:10:54.545454545+05:30,SHORT,49119.89,48249.17,100,-87071.33,phase4_synthetic_test
BANKNIFTY_0405,BANKNIFTY,2025-04-08T16:14:32.727272727+05:30,2025-04-09T18:14:32.727272727+05:30,SHORT,49945.5,48821.28,100,-112421.52,phase4_synthetic_test
BANKNIFTY_0406,BANKNIFTY,2025-04-10T14:18:10.909090909+05:30,2025-04-12T11:18:10.909090909+05:30,LONG,47983.08,48026.98,100,4389.85,phase4_synthetic_test
BANKNIFTY_0407,BANKNIFTY,2025-04-12T12:21:49.090909090+05:30,2025-04-13T08:21:49.090909090+05:30,LONG,48606.4,47597.03,100,-100937.24,phase4_synthetic_test
BANKNIFTY_0408,BANKNIFTY,2025-04-14T10:25:27.272727272+05:30,2025-04-16T03:25:27.272727272+05:30,LONG,48475.91,48833.48,100,35757.01,phase4_synthetic_test
BANKNIFTY_0409,BANKNIFTY,2025-04-16T08:29:05.454545454+05:30,2025-04-17T12:29:05.454545454+05:30,SHORT,48422.29,48153.77,100,-26852.45,phase4_synthetic_test
BANKNIFTY_0410,BANKNIFTY,2025-04-18T06:32:43.636363636+05:30,2025-04-19T19:32:43.636363636+05:30,SHORT,47668.98,47791.05,100,12206.19,phase4_synthetic_test
BANKNIFTY_0411,BANKNIFTY,2025-04-20T04:36:21.818181818+05:30,2025-04-21T11:36:21.818181818+05:30,LONG,47125.2,47059.26,100,-6594.66,phase4_synthetic_test
BANKNIFTY_0412,BANKNIFTY,2025-04-22T02:40:00+05:30,2025-04-23T15:40:00+05:30,LONG,48594.27,49650.11,100,105583.97,phase4_synthetic_test
BANKNIFTY_0413,BANKNIFTY,2025-04-24T00:43:38.181818181+05:30,2025-04-25T19:43:38.181818181+05:30,LONG,48451.61,49706.28,100,125467.23,phase4_synthetic_test
BANKNIFTY_0414,BANKNIFTY,2025-04-25T22:47:16.363636363+05:30,2025-04-27T11:47:16.363636363+05:30,SHORT,47493.25,47755.56,100,26231.21,phase4_synthetic_test
BANKNIFTY_0415,BANKNIFTY,2025-04-27T20:50:54.545454545+05:30,2025-04-28T07:50:54.545454545+05:30,SHORT,47687.15,47133.66,100,-55348.39,phase4_synthetic_test
BANKNIFTY_0416,BANKNIFTY,2025-04-29T18:54:32.727272727+05:30,2025-04-30T15:54:32.727272727+05:30,LONG,47462.75,46269.67,100,-119308.2,phase4_synthetic_test
BANKNIFTY_0417,BANKNIFTY,2025-05-01T16:58:10.909090909+05:30,2025-05-02T08:58:10.909090909+05:30,LONG,48943.63,50102.07,100,115843.68,phase4_synthetic_test
BANKNIFTY_0418,BANKNIFTY,2025-05-03T15:01:49.090909091+05:30,2025-05-05T10:01:49.090909091+05:30,LONG,48030.87,49134.35,100,110347.93,phase4_synthetic_test
BANKNIFTY_0419,BANKNIFTY,2025-05-05T13:05:27.272727272+05:30,2025-05-05T19:05:27.272727272+05:30,SHORT,47900.36,48341.79,100,44143.05,phase4_synthetic_test
BANKNIFTY_0420,BANKNIFTY,2025-05-07T11:09:05.454545454+05:30,2025-05-08T17:09:05.454545454+05:30,SHORT,49508.67,48449.11,100,-105956.13,phase4_synthetic_test
BANKNIFTY_0421,BANKNIFTY,2025-05-09T09:12:43.636363636+05:30,2025-05-10T12:12:43.636363636+05:30,LONG,48304.23,49166.24,100,86201.61,phase4_synthetic_test
BANKNIFTY_0422,BANKNIFTY,2025-05-11T07:16:21.818181818+05:30,2025-05-12T19:16:21.818181818+05:30,LONG,47347.97,46374.51,100,-97345.34,phase4_synthetic_test
BANKNIFTY_0423,BANKNIFTY,2025-05-13T05:20:00+05:30,2025-05-13T21:20:00+05:30,LONG,48379.15,49357.41,100,97826.5,phase4_synthetic_test
BANKNIFTY_0424,BANKNIFTY,2025-05-15T03:23:38.181818181+05:30,2025-05-17T00:23:38.181818181+05:30,SHORT,47237.83,48382.06,100,114423.36,phase4_synthetic_test
BANKNIFTY_0425,BANKNIFTY,2025-05-17T01:27:16.363636363+05:30,2025-05-17T11:27:16.363636363+05:30,SHORT,50005.12,48885.73,100,-111939.65,phase4_synthetic_test
BANKNIFTY_0426,BANKNIFTY,2025-05-18T23:30:54.545454545+05:30,2025-05-20T09:30:54.545454545+05:30,LONG,47287.43,48211.85,100,92442.22,phase4_synthetic_test
BANKNIFTY_0427,BANKNIFTY,2025-05-20T21:34:32.727272727+05:30,2025-05-22T19:34:32.727272727+05:30,LONG,48784.71,47990.37,100,-79433.65,phase4_synthetic_test
BANKNIFTY_0428,BANKNIFTY,2025-05-22T19:38:10.909090909+05:30,2025-05-23T16:38:10.909090909+05:30,LONG,48637.7,49565.61,100,92791.1,phase4_synthetic_test
BANKNIFTY_0429,BANKNIFTY,2025-05-24T17:41:49.090909091+05:30,2025-05-26T01:41:49.090909091+05:30,SHORT,46724.37,47410.82,100,68644.7,phase4_synthetic_test
BANKNIFTY_0430,BANKNIFTY,2025-05-26T15:45:27.272727273+05:30,2025-05-27T07:45:27.272727273+05:30,SHORT,49267.11,48923.88,100,-34323.11,phase4_synthetic_test
BANKNIFTY_0431,BANKNIFTY,2025-05-28T13:49:05.454545454+05:30,2025-05-29T09:49:05.454545454+05:30,LONG,47763.26,46662.34,100,-110091.29,phase4_synthetic_test
BANKNIFTY_0432,BANKNIFTY,2025-05-30T11:52:43.636363636+05:30,2025-05-31T14:52:43.636363636+05:30,LONG,47286.62,48190.78,100,90415.64,phase4_synthetic_test
BANKNIFTY_0433,BANKNIFTY,2025-06-01T09:56:21.818181818+05:30,2025-06-02T07:56:21.818181818+05:30,LONG,48079.23,48832.23,100,75300.13,phase4_synthetic_test
BANKNIFTY_0434,BANKNIFTY,2025-06-03T08:00:00+05:30,2025-06-04T19:00:00+05:30,SHORT,48768.25,47792.93,100,-97532.42,phase4_synthetic_test
BANKNIFTY_0435,BANKNIFTY,2025-06-05T06:03:38.181818182+05:30,2025-06-06T00:03:38.181818182+05:30,SHORT,48461.28,47236.82,100,-122445.8,phase4_synthetic_test
BANKNIFTY_0436,BANKNIFTY,2025-06-07T04:07:16.363636363+05:30,2025-06-07T11:07:16.363636363+05:30,LONG,48520.04,47570.27,100,-94976.97,phase4_synthetic_test
BANKNIFTY_0437,BANKNIFTY,2025-06-09T02:10:54.545454545+05:30,2025-06-09T09:10:54.545454545+05:30,LONG,48399.69,47821.69,100,-57799.81,phase4_synthetic_test
BANKNIFTY_0438,BANKNIFTY,2025-06-11T00:14:32.727272727+05:30,2025-06-12T01:14:32.727272727+05:30,LONG,47949.26,48549.31,100,60005.24,phase4_synthetic_test
BANKNIFTY_0439,BANKNIFTY,2025-06-12T22:18:10.909090909+05:30,2025-06-13T23:18:10.909090909+05:30,SHORT,47469.73,47127.82,100,-34190.91,phase4_synthetic_test
BANKNIFTY_0440,BANKNIFTY,2025-06-14T20:21:49.090909091+05:30,2025-06-15T13:21:49.090909091+05:30,SHORT,50289.47,48900.25,100,-138922.36,phase4_synthetic_test
BANKNIFTY_0441,BANKNIFTY,2025-06-16T18:25:27.272727272+05:30,2025-06-18T09:25:27.272727272+05:30,LONG,48181.24,48607.86,100,42661.69,phase4_synthetic_test
BANKNIFTY_0442,BANKNIFTY,2025-06-18T16:29:05.454545454+05:30,2025-06-19T07:29:05.454545454+05:30,LONG,47082.48,45739.46,100,-134301.75,phase4_synthetic_test
BANKNIFTY_0443,BANKNIFTY,2025-06-20T14:32:43.636363636+05:30,2025-06-20T23:32:43.636363636+05:30,LONG,48612.07,48238.24,100,-37382.62,phase4_synthetic_test
BANKNIFTY_0444,BANKNIFTY,2025-06-22T12:36:21.818181818+05:30,2025-06-23T02:36:21.818181818+05:30,SHORT,48422.88,47896.13,100,-52674.84,phase4_synthetic_test
BANKNIFTY_0445,BANKNIFTY,2025-06-24T10:40:00+05:30,2025-06-25T23:40:00+05:30,SHORT,49285.76,47858.27,100,-142749.11,phase4_synthetic_test
BANKNIFTY_0446,BANKNIFTY,2025-06-26T08:43:38.181818182+05:30,2025-06-27T00:43:38.181818182+05:30,LONG,48051.89,49073.11,100,102122.69,phase4_synthetic_test
BANKNIFTY_0447,BANKNIFTY,2025-06-28T06:47:16.363636363+05:30,2025-06-29T14:47:16.363636363+05:30,LONG,47463.88,48015.45,100,55157.46,phase4_synthetic_test
BANKNIFTY_0448,BANKNIFTY,2025-06-30T04:50:54.545454545+05:30,2025-06-30T09:50:54.545454545+05:30,LONG,47481.7,48258.95,100,77724.54,phase4_synthetic_test
BANKNIFTY_0449,BANKNIFTY,2025-07-02T02:54:32.727272727+05:30,2025-07-02T16:54:32.727272727+05:30,SHORT,48200.87,48865.66,100,66478.93,phase4_synthetic_test
BANKNIFTY_0450,BANKNIFTY,2025-07-04T00:58:10.909090909+05:30,2025-07-05T23:58:10.909090909+05:30,SHORT,47081.7,48444.04,100,136233.65,phase4_synthetic_test
BANKNIFTY_0451,BANKNIFTY,2025-07-05T23:01:49.090909091+05:30,2025-07-06T18:01:49.090909091+05:30,LONG,48891.88,49940.2,100,104832.04,phase4_synthetic_test
BANKNIFTY_0452,BANKNIFTY,2025-07-07T21:05:27.272727272+05:30,2025-07-08T19:05:27.272727272+05:30,LONG,48929.24,48266.39,100,-66284.87,phase4_synthetic_test
BANKNIFTY_0453,BANKNIFTY,2025-07-09T19:09:05.454545454+05:30,2025-07-09T23:09:05.454545454+05:30,LONG,48430.89,47910.0,100,-52089.53,phase4_synthetic_test
BANKNIFTY_0454,BANKNIFTY,2025-07-11T17:12:43.636363636+05:30,2025-07-13T06:12:43.636363636+05:30,SHORT,46289.02,47099.78,100,81076.23,phase4_synthetic_test
BANKNIFTY_0455,BANKNIFTY,2025-07-13T15:16:21.818181818+05:30,2025-07-14T19:16:21.818181818+05:30,SHORT,48741.02,48120.48,100,-62053.49,phase4_synthetic_test
BANKNIFTY_0456,BANKNIFTY,2025-07-15T13:20:00+05:30,2025-07-17T12:20:00+05:30,LONG,48898.93,48820.33,100,-7860.04,phase4_synthetic_test
BANKNIFTY_0457,BANKNIFTY,2025-07-17T11:23:38.181818182+05:30,2025-07-18T15:23:38.181818182+05:30,LONG,48531.07,49604.45,100,107338.05,phase4_synthetic_test
BANKNIFTY_0458,BANKNIFTY,2025-07-19T09:27:16.363636364+05:30,2025-07-20T03:27:16.363636364+05:30,LONG,48058.28,47924.76,100,-13352.43,phase4_synthetic_test
BANKNIFTY_0459,BANKNIFTY,2025-07-21T07:30:54.545454546+05:30,2025-07-21T17:30:54.545454546+05:30,SHORT,47650.14,47291.99,100,-35815.26,phase4_synthetic_test
BANKNIFTY_0460,BANKNIFTY,2025-07-23T05:34:32.727272726+05:30,2025-07-24T08:34:32.727272726+05:30,SHORT,49441.67,48223.97,100,-121769.72,phase4_synthetic_test
BANKNIFTY_0461,BANKNIFTY,2025-07-25T03:38:10.909090908+05:30,2025-07-25T21:38:10.909090908+05:30,LONG,47265.23,47212.83,100,-5240.1,phase4_synthetic_test
BANKNIFTY_0462,BANKNIFTY,2025-07-27T01:41:49.090909090+05:30,2025-07-27T21:41:49.090909090+05:30,LONG,47515.28,47821.2,100,30592.17,phase4_synthetic_test
BANKNIFTY_0463,BANKNIFTY,2025-07-28T23:45:27.272727272+05:30,2025-07-29T11:45:27.272727272+05:30,LONG,47983.86,47121.66,100,-86219.88,phase4_synthetic_test
BANKNIFTY_0464,BANKNIFTY,2025-07-30T21:49:05.454545454+05:30,2025-07-31T22:49:05.454545454+05:30,SHORT,47790.36,47556.47,100,-23389.62,phase4_synthetic_test
BANKNIFTY_0465,BANKNIFTY,2025-08-01T19:52:43.636363636+05:30,2025-08-02T22:52:43.636363636+05:30,SHORT,48733.98,48929.95,100,19597.4,phase4_synthetic_test
BANKNIFTY_0466,BANKNIFTY,2025-08-03T17:56:21.818181818+05:30,2025-08-04T13:56:21.818181818+05:30,LONG,47179.1,45796.62,100,-138247.81,phase4_synthetic_test
BANKNIFTY_0467,BANKNIFTY,2025-08-05T16:00:00+05:30,2025-08-06T13:00:00+05:30,LONG,48192.04,48134.03,100,-5800.73,phase4_synthetic_test
BANKNIFTY_0468,BANKNIFTY,2025-08-07T14:03:38.181818182+05:30,2025-08-09T01:03:38.181818182+05:30,LONG,48493.55,48950.32,100,45676.23,phase4_synthetic_test
BANKNIFTY_0469,BANKNIFTY,2025-08-09T12:07:16.363636364+05:30,2025-08-11T05:07:16.363636364+05:30,SHORT,49615.68,48430.63,100,-118505.48,phase4_synthetic_test
BANKNIFTY_0470,BANKNIFTY,2025-08-11T10:10:54.545454546+05:30,2025-08-12T13:10:54.545454546+05:30,SHORT,46233.82,47237.36,100,100354.24,phase4_synthetic_test
BANKNIFTY_0471,BANKNIFTY,2025-08-13T08:14:32.727272726+05:30,2025-08-14T19:14:32.727272726+05:30,LONG,47966.12,46580.0,100,-138612.23,phase4_synthetic_test
BANKNIFTY_0472,BANKNIFTY,2025-08-15T06:18:10.909090908+05:30,2025-08-16T13:18:10.909090908+05:30,LONG,48114.53,48699.02,100,58449.04,phase4_synthetic_test
BANKNIFTY_0473,BANKNIFTY,2025-08-17T04:21:49.090909090+05:30,2025-08-18T15:21:49.090909090+05:30,LONG,47179.04,48428.07,100,124902.97,phase4_synthetic_test
BANKNIFTY_0474,BANKNIFTY,2025-08-19T02:25:27.272727272+05:30,2025-08-20T14:25:27.272727272+05:30,SHORT,46533.35,47713.2,100,117985.26,phase4_synthetic_test
BANKNIFTY_0475,BANKNIFTY,2025-08-21T00:29:05.454545454+05:30,2025-08-22T12:29:05.454545454+05:30,SHORT,48656.26,47726.98,100,-92928.45,phase4_synthetic_test
BANKNIFTY_0476,BANKNIFTY,2025-08-22T22:32:43.636363636+05:30,2025-08-24T16:32:43.636363636+05:30,LONG,48129.68,47069.04,100,-106063.64,phase4_synthetic_test
BANKNIFTY_0477,BANKNIFTY,2025-08-24T20:36:21.818181818+05:30,2025-08-25T14:36:21.818181818+05:30,LONG,47361.57,46509.49,100,-85208.12,phase4_synthetic_test
BANKNIFTY_0478,BANKNIFTY,2025-08-26T18:40:00+05:30,2025-08-28T13:40:00+05:30,LONG,48396.43,48792.6,100,39616.42,phase4_synthetic_test
BANKNIFTY_0479,BANKNIFTY,2025-08-28T16:43:38.181818182+05:30,2025-08-29T01:43:38.181818182+05:30,SHORT,48498.11,48223.88,100,-27422.98,phase4_synthetic_test
BANKNIFTY_0480,BANKNIFTY,2025-08-30T14:47:16.363636364+05:30,2025-09-01T00:47:16.363636364+05:30,SHORT,48521.32,48401.4,100,-11992.8,phase4_synthetic_test
BANKNIFTY_0481,BANKNIFTY,2025-09-01T12:50:54.545454544+05:30,2025-09-01T23:50:54.545454544+05:30,LONG,48240.58,49535.41,100,129482.69,phase4_synthetic_test
BANKNIFTY_0482,BANKNIFTY,2025-09-03T10:54:32.727272726+05:30,2025-09-04T09:54:32.727272726+05:30,LONG,48604.46,48136.26,100,-46820.62,phase4_synthetic_test
BANKNIFTY_0483,BANKNIFTY,2025-09-05T08:58:10.909090908+05:30,2025-09-05T18:58:10.909090908+05:30,LONG,48101.76,48565.91,100,46414.39,phase4_synthetic_test
BANKNIFTY_0484,BANKNIFTY,2025-09-07T07:01:49.090909090+05:30,2025-09-07T16:01:49.090909090+05:30,SHORT,48820.53,47908.45,100,-91207.47,phase4_synthetic_test
BANKNIFTY_0485,BANKNIFTY,2025-09-09T05:05:27.272727272+05:30,2025-09-09T11:05:27.272727272+05:30,SHORT,46050.03,47354.88,100,130485.2,phase4_synthetic_test
BANKNIFTY_0486,BANKNIFTY,2025-09-11T03:09:05.454545454+05:30,2025-09-11T20:09:05.454545454+05:30,LONG,47155.88,45972.16,100,-118371.63,phase4_synthetic_test
BANKNIFTY_0487,BANKNIFTY,2025-09-13T01:12:43.636363636+05:30,2025-09-14T03:12:43.636363636+05:30,LONG,47960.22,48392.7,100,43248.85,phase4_synthetic_test
BANKNIFTY_0488,BANKNIFTY,2025-09-14T23:16:21.818181818+05:30,2025-09-15T21:16:21.818181818+05:30,LONG,47686.84,49048.39,100,136155.06,phase4_synthetic_test
BANKNIFTY_0489,BANKNIFTY,2025-09-16T21:20:00+05:30,2025-09-17T08:20:00+05:30,SHORT,48940.65,47872.62,100,-106803.65,phase4_synthetic_test
BANKNIFTY_0490,BANKNIFTY,2025-09-18T19:23:38.181818182+05:30,2025-09-20T06:23:38.181818182+05:30,SHORT,48101.09,48106.3,100,520.78,phase4_synthetic_test
BANKNIFTY_0491,BANKNIFTY,2025-09-20T17:27:16.363636364+05:30,2025-09-21T14:27:16.363636364+05:30,LONG,47678.04,48116.48,100,43843.69,phase4_synthetic_test
BANKNIFTY_0492,BANKNIFTY,2025-09-22T15:30:54.545454544+05:30,2025-09-24T11:30:54.545454544+05:30,LONG,47196.53,47177.49,100,-1903.86,phase4_synthetic_test
BANKNIFTY_0493,BANKNIFTY,2025-09-24T13:34:32.727272726+05:30,2025-09-26T03:34:32.727272726+05:30,LONG,47843.33,47041.17,100,-80215.71,phase4_synthetic_test
BANKNIFTY_0494,BANKNIFTY,2025-09-26T11:38:10.909090908+05:30,2025-09-27T05:38:10.909090908+05:30,SHORT,47231.41,47928.24,100,69682.99,phase4_synthetic_test
BANKNIFTY_0495,BANKNIFTY,2025-09-28T09:41:49.090909090+05:30,2025-09-29T18:41:49.090909090+05:30,SHORT,49161.13,47838.54,100,-132258.42,phase4_synthetic_test
BANKNIFTY_0496,BANKNIFTY,2025-09-30T07:45:27.272727272+05:30,2025-10-01T10:45:27.272727272+05:30,LONG,47704.2,47490.94,100,-21325.68,phase4_synthetic_test
BANKNIFTY_0497,BANKNIFTY,2025-10-02T05:49:05.454545454+05:30,2025-10-04T04:49:05.454545454+05:30,LONG,48009.3,48780.5,100,77119.42,phase4_synthetic_test
BANKNIFTY_0498,BANKNIFTY,2025-10-04T03:52:43.636363636+05:30,2025-10-05T14:52:43.636363636+05:30,LONG,47096.44,47345.27,100,24883.42,phase4_synthetic_test
BANKNIFTY_0499,BANKNIFTY,2025-10-06T01:56:21.818181818+05:30,2025-10-07T14:56:21.818181818+05:30,SHORT,48678.01,48716.97,100,3896.69,phase4_synthetic_test
BANKNIFTY_0500,BANKNIFTY,2025-10-08T00:00:00+05:30,2025-10-07T23:00:00+05:30,SHORT,49146.56,48297.62,100,-84894.49,phase4_synthetic_test
