symbol,exchange,currency,listing_status,first_trade_date,long_name,short_name,sector,industry,instrument_type,lot_size,tick_size,market_state,trading_session,exchange_timezone,market_cap,enterprise_value,shares_outstanding,book_value,beta,trailing_pe,forward_pe,price_to_book,dividend_yield,profit_margins,regular_market_price,regular_market_previous_close,regular_market_open,regular_market_day_high,regular_market_day_low,regular_market_volume,regular_market_change_percent,fifty_two_week_high,fifty_two_week_low,is_fno_eligible,is_etf,is_psu,has_options_chain,data_quality_score,source_timestamp
011NSETEST.NS,NSE,INR,active,,,,,,EQUITY,,,REGULAR,Free Realtime Quote,Asia/Kolkata,,,,,,,,,,,200.0,200.0,200.0,201.0,200.0,312.0,0.0,201.0,200.0,,False,,,0.474,2025-10-09T03:00:25Z
021NSETEST.NS,NSE,INR,active,,,,,,EQUITY,,,REGULAR,Free Realtime Quote,Asia/Kolkata,,,,,,,,,,,200.0,200.0,200.0,201.0,200.0,312.0,0.0,201.0,200.0,,False,,,0.474,2025-10-09T03:00:26Z
031NSETEST.NS,NSE,INR,active,,,,,,EQUITY,,,REGULAR,Free Realtime Quote,Asia/Kolkata,,,,,,,,,,,200.0,200.0,200.0,201.0,200.0,312.0,0.0,201.0,200.0,,False,,,0.474,2025-10-09T03:00:27Z
041NSETEST.NS,NSE,INR,active,,,,,,EQUITY,,,REGULAR,Free Realtime Quote,Asia/Kolkata,,,,,,,,,,,200.0,200.0,200.0,201.0,200.0,312.0,0.0,201.0,200.0,,False,,,0.474,2025-10-09T03:00:28Z
051NSETEST.NS,NSE,INR,active,,,,,,EQUITY,,,REGULAR,Free Realtime Quote,Asia/Kolkata,,,,,,,,,,,200.0,200.0,200.0,201.0,200.0,312.0,0.0,201.0,200.0,,False,,,0.474,2025-10-09T03:00:29Z
061NSETEST.NS,NSE,INR,active,,,,,,EQUITY,,,REGULAR,Free Realtime Quote,Asia/Kolkata,,,,,,,,,,,200.0,200.0,200.0,201.0,200.0,312.0,0.0,201.0,200.0,,False,,,0.474,2025-10-09T03:00:30Z
071NSETEST.NS,NSE,INR,active,,,,,,EQUITY,,,REGULAR,Free Realtime Quote,Asia/Kolkata,,,,,,,,,,,200.0,200.0,200.0,201.0,200.0,312.0,0.0,201.0,200.0,,False,,,0.474,2025-10-09T03:00:31Z
081NSETEST.NS,NSE,INR,active,,,,,,EQUITY,,,REGULAR,Free Realtime Quote,Asia/Kolkata,,,,,,,,,,,200.0,200.0,200.0,201.0,200.0,312.0,0.0,201.0,200.0,,False,,,0.474,2025-10-09T03:00:32Z
08AGG.BO,BSE,INR,active,,,Nippon India Mutual Fund,,,EQUITY,,,REGULAR,Free Realtime Quote,Asia/Kolkata,,,,,,,,,,0.0,56.7,51.95,57.0,57.0,56.7,56.0,9.143407,57.0,56.7,,False,,,0.526,2025-10-09T04:22:18Z
08GPG.BO,BSE,INR,active,,,Nippon India Mutual Fund,,,EQUITY,,,REGULAR,Free Realtime Quote,Asia/Kolkata,,,,,,,,,,0.0,3.9,3.68,3.8,4.04,3.8,19132.0,5.774279,4.04,3.8,,False,,,0.526,2025-10-09T04:42:59Z
08MPD.BO,BSE,INR,active,,,Nippon India Mutual Fund,,,EQUITY,,,REGULAR,Free Realtime Quote,Asia/Kolkata,,,,,,,,,,0.0,5.8,5.79,5.8,5.8,5.8,192.0,0.17271553,5.8,5.8,,False,,,0.526,2025-10-09T04:40:04Z
08QPR.BO,BSE,INR,active,,,Nippon India Mutual Fund,,,EQUITY,,,REGULAR,Free Realtime Quote,Asia/Kolkata,,,,,,,,,,0.0,1987.95,2052.0,1846.8,1997.95,1846.8,7.0,-3.1213474,1997.95,1846.8,,False,,,0.526,2025-10-09T04:08:35Z
091NSETEST.NS,NSE,INR,active,,,,,,EQUITY,,,REGULAR,Free Realtime Quote,Asia/Kolkata,,,,,,,,,,,200.0,200.0,200.0,201.0,200.0,312.0,0.0,201.0,200.0,,False,,,0.474,2025-10-09T03:00:33Z
101NSETEST.NS,NSE,INR,active,,,,,,EQUITY,,,REGULAR,Free Realtime Quote,Asia/Kolkata,,,,,,,,,,,200.0,200.0,200.0,201.0,200.0,312.0,0.0,201.0,200.0,,False,,,0.474,2025-10-09T03:00:34Z
111NSETEST.NS,NSE,INR,active,,,,,,EQUITY,,,REGULAR,Free Realtime Quote,Asia/Kolkata,,,,,,,,,,,200.0,200.0,200.0,201.0,200.0,312.0,0.0,201.0,200.0,,False,,,0.474,2025-10-09T03:00:35Z
11AGG.BO,BSE,INR,active,,,Nippon India Mutual Fund,,,EQUITY,,,REGULAR,Free Realtime Quote,Asia/Kolkata,,,,,,,,,,0.0,41.18,37.5,41.25,41.25,33.83,719.0,9.813334,41.25,33.83,,False,,,0.526,2025-10-09T04:42:07Z
11AMD.BO,BSE,INR,active,,,Nippon India Mutual Fund,,,EQUITY,,,REGULAR,Free Realtime Quote,Asia/Kolkata,,,,,,,,,,0.0,48.5,46.0,48.5,48.5,48.5,1.0,5.4347825,48.5,48.5,,False,,,0.526,2025-10-09T04:16:05Z
11AQD.BO,BSE,INR,active,,,Nippon India Mutual Fund,,,EQUITY,,,REGULAR,Free Realtime Quote,Asia/Kolkata,,,,,,,,,,,14.21,12.92,14.21,14.21,14.21,150.0,9.98452,14.21,14.21,,False,,,0.474,2025-10-09T04:08:48Z
11DPD.BO,BSE,INR,active,,,Nippon India Mutual Fund,,,EQUITY,,,REGULAR,Free Realtime Quote,Asia/Kolkata,,,,,,,,,,0.0,6.48,6.21,6.21,6.48,6.21,514.0,4.3478255,6.48,6.21,,False,,,0.526,2025-10-09T04:42:58Z
11DPR.BO,BSE,INR,active,,,Nippon India Mutual Fund,,,EQUITY,,,REGULAR,Free Realtime Quote,Asia/Kolkata,,,,,,,,,,0.0,16.5,15.0,15.0,16.5,15.0,32.0,10.0,16.5,15.0,,False,,,0.526,2025-10-09T04:30:04Z
11GPG.BO,BSE,INR,active,,,Nippon India Mutual Fund,,,EQUITY,,,REGULAR,Free Realtime Quote,Asia/Kolkata,,,,,,,,,,0.0,2.55,2.45,2.46,2.55,2.46,4345.0,4.081629,2.55,2.46,,False,,,0.526,2025-10-09T04:42:47Z
11MPD.BO,BSE,INR,active,,,Nippon India Mutual Fund,,,EQUITY,,,REGULAR,Free Realtime Quote,Asia/Kolkata,,,,,,,,,,0.0,2.59,2.54,2.53,2.61,2.53,61.0,1.968502,2.61,2.53,,False,,,0.526,2025-10-09T04:33:09Z
11MPR.BO,BSE,INR,active,,,Nippon India Mutual Fund,,,EQUITY,,,REGULAR,Free Realtime Quote,Asia/Kolkata,,,,,,,,,,0.0,53.0,53.97,53.0,53.0,53.0,18.0,-1.797297,53.0,53.0,,False,,,0.526,2025-10-09T04:30:04Z
11NSETEST.NS,NSE,INR,active,,,,,,EQUITY,,,REGULAR,Free Realtime Quote,Asia/Kolkata,,,,,,,,,,,100.0,100.0,100.0,101.0,100.0,312.0,0.0,101.0,100.0,,False,,,0.474,2025-10-09T03:00:21Z
11QPD.BO,BSE,INR,active,,,Nippon India Mutual Fund,,,EQUITY,,,REGULAR,Free Realtime Quote,Asia/Kolkata,,,,,,,,,,0.0,9.39,9.09,9.47,9.47,9.39,108.0,3.300332,9.47,9.39,,False,,,0.526,2025-10-09T04:32:25Z
