timestamp,Unnamed: 0,open_hist,high_hist,low_hist,close_hist,volume_hist,ticker,open_live,high_live,low_live,close_live,volume_live,open_interest,open_diff,open_pct_diff,high_diff,high_pct_diff,low_diff,low_pct_diff,close_diff,close_pct_diff,volume_diff,volume_pct_diff
2025-09-01 12:10:00+05:30,12410,347.5,347.75,347.1,347.1,50895,BIOCON,347.5,347.75,347.1,347.1,50895,0,0.0,0.0,0.0,0.0,0.0,0.0,0.0,0.0,0,0.0
2025-09-01 12:15:00+05:30,12411,347.2,347.2,346.8,346.8,9172,BIOCON,347.2,347.2,346.8,346.8,9172,0,0.0,0.0,0.0,0.0,0.0,0.0,0.0,0.0,0,0.0
2025-09-01 12:20:00+05:30,12412,346.8,347.35,346.8,347.1,5845,BIOCON,346.8,347.35,346.8,347.1,5845,0,0.0,0.0,0.0,0.0,0.0,0.0,0.0,0.0,0,0.0
2025-09-01 12:25:00+05:30,12413,347.1,347.4,346.85,347.15,9128,BIOCON,347.1,347.4,346.85,347.15,9128,0,0.0,0.0,0.0,0.0,0.0,0.0,0.0,0.0,0,0.0
2025-09-01 12:30:00+05:30,12414,347.2,347.4,346.8,347.4,25806,BIOCON,347.2,347.4,346.8,347.4,25806,0,0.0,0.0,0.0,0.0,0.0,0.0,0.0,0.0,0,0.0
2025-09-01 12:35:00+05:30,12415,347.55,349.25,347.55,348.85,22156,BIOCON,347.55,349.25,347.55,348.85,22156,0,0.0,0.0,0.0,0.0,0.0,0.0,0.0,0.0,0,0.0
2025-09-01 12:40:00+05:30,12416,348.85,349.5,348.75,349.1,10141,BIOCON,348.85,349.5,348.75,349.1,10141,0,0.0,0.0,0.0,0.0,0.0,0.0,0.0,0.0,0,0.0
2025-09-01 12:45:00+05:30,12417,349.2,349.2,348.4,348.4,31425,BIOCON,349.2,349.2,348.4,348.4,31425,0,0.0,0.0,0.0,0.0,0.0,0.0,0.0,0.0,0,0.0
2025-09-01 12:50:00+05:30,12418,348.5,348.75,348.15,348.55,8391,BIOCON,348.5,348.75,348.15,348.55,8391,0,0.0,0.0,0.0,0.0,0.0,0.0,0.0,0.0,0,0.0
2025-09-01 12:55:00+05:30,12419,348.55,348.75,348.45,348.5,7573,BIOCON,348.55,348.75,348.45,348.5,7573,0,0.0,0.0,0.0,0.0,0.0,0.0,0.0,0.0,0,0.0
2025-09-01 13:00:00+05:30,12420,348.65,348.8,348.35,348.6,13989,BIOCON,348.65,348.8,348.35,348.6,13989,0,0.0,0.0,0.0,0.0,0.0,0.0,0.0,0.0,0,0.0
2025-09-01 13:05:00+05:30,12421,348.55,349.0,348.2,348.9,27979,BIOCON,348.55,349.0,348.2,348.9,27979,0,0.0,0.0,0.0,0.0,0.0,0.0,0.0,0.0,0,0.0
2025-09-01 13:10:00+05:30,12422,348.8,349.5,348.7,349.4,10413,BIOCON,348.8,349.5,348.7,349.4,10413,0,0.0,0.0,0.0,0.0,0.0,0.0,0.0,0.0,0,0.0
2025-09-01 13:15:00+05:30,12423,349.4,349.45,349.0,349.0,3793,BIOCON,349.4,349.45,349.0,349.0,3793,0,0.0,0.0,0.0,0.0,0.0,0.0,0.0,0.0,0,0.0
2025-09-01 13:20:00+05:30,12424,349.2,349.35,348.65,348.95,6754,BIOCON,349.2,349.35,348.65,348.95,6754,0,0.0,0.0,0.0,0.0,0.0,0.0,0.0,0.0,0,0.0
2025-09-01 13:25:00+05:30,12425,348.9,349.9,348.8,349.5,98836,BIOCON,348.9,349.9,348.8,349.5,98836,0,0.0,0.0,0.0,0.0,0.0,0.0,0.0,0.0,0,0.0
2025-09-01 13:30:00+05:30,12426,349.6,349.9,349.5,349.7,6068,BIOCON,349.6,349.9,349.5,349.7,6068,0,0.0,0.0,0.0,0.0,0.0,0.0,0.0,0.0,0,0.0
2025-09-01 13:35:00+05:30,12427,349.7,352.3,349.55,352.0,130988,BIOCON,349.7,352.3,349.55,352.0,130988,0,0.0,0.0,0.0,0.0,0.0,0.0,0.0,0.0,0,0.0
2025-09-01 13:40:00+05:30,12428,352.0,352.2,351.75,352.0,60445,BIOCON,352.0,352.2,351.75,352.0,60445,0,0.0,0.0,0.0,0.0,0.0,0.0,0.0,0.0,0,0.0
2025-09-01 13:45:00+05:30,12429,352.0,352.25,351.7,352.1,45662,BIOCON,352.0,352.25,351.7,352.1,45662,0,0.0,0.0,0.0,0.0,0.0,0.0,0.0,0.0,0,0.0
2025-09-01 13:50:00+05:30,12430,352.15,352.75,352.0,352.5,27674,BIOCON,352.15,352.75,352.0,352.5,27674,0,0.0,0.0,0.0,0.0,0.0,0.0,0.0,0.0,0,0.0
2025-09-01 13:55:00+05:30,12431,352.6,352.8,352.5,352.7,6914,BIOCON,352.6,352.8,352.5,352.7,6914,0,0.0,0.0,0.0,0.0,0.0,0.0,0.0,0.0,0,0.0
2025-09-01 14:00:00+05:30,12432,352.7,352.95,352.45,352.75,16506,BIOCON,352.7,352.95,352.45,352.75,16506,0,0.0,0.0,0.0,0.0,0.0,0.0,0.0,0.0,0,0.0
2025-09-01 14:05:00+05:30,12433,352.95,353.25,352.75,353.25,13829,BIOCON,352.95,353.25,352.75,353.25,13829,0,0.0,0.0,0.0,0.0,0.0,0.0,0.0,0.0,0,0.0
2025-09-01 14:10:00+05:30,12434,353.1,353.25,353.0,353.1,10270,BIOCON,353.1,353.25,353.0,353.1,10270,0,0.0,0.0,0.0,0.0,0.0,0.0,0.0,0.0,0,0.0
2025-09-01 14:15:00+05:30,12435,353.1,353.15,352.35,352.5,24204,BIOCON,353.1,353.15,352.35,352.5,24204,0,0.0,0.0,0.0,0.0,0.0,0.0,0.0,0.0,0,0.0
2025-09-01 14:20:00+05:30,12436,352.5,352.9,352.3,352.45,15596,BIOCON,352.5,352.9,352.3,352.45,15596,0,0.0,0.0,0.0,0.0,0.0,0.0,0.0,0.0,0,0.0
2025-09-01 14:25:00+05:30,12437,352.6,352.6,352.15,352.15,7270,BIOCON,352.6,352.6,352.15,352.15,7270,0,0.0,0.0,0.0,0.0,0.0,0.0,0.0,0.0,0,0.0
2025-09-01 14:30:00+05:30,12438,352.2,352.6,352.2,352.5,8496,BIOCON,352.2,352.6,352.2,352.5,8496,0,0.0,0.0,0.0,0.0,0.0,0.0,0.0,0.0,0,0.0
2025-09-01 14:35:00+05:30,12439,352.4,352.5,352.2,352.4,5133,BIOCON,352.4,352.5,352.2,352.4,5133,0,0.0,0.0,0.0,0.0,0.0,0.0,0.0,0.0,0,0.0
2025-09-01 14:40:00+05:30,12440,352.45,353.0,352.4,353.0,17863,BIOCON,352.45,353.0,352.4,353.0,17863,0,0.0,0.0,0.0,0.0,0.0,0.0,0.0,0.0,0,0.0
2025-09-01 14:45:00+05:30,12441,352.95,353.4,352.3,352.45,36780,BIOCON,352.95,353.4,352.3,352.45,36780,0,0.0,0.0,0.0,0.0,0.0,0.0,0.0,0.0,0,0.0
2025-09-01 14:50:00+05:30,12442,352.5,352.65,352.35,352.6,10693,BIOCON,352.5,352.65,352.35,352.6,10693,0,0.0,0.0,0.0,0.0,0.0,0.0,0.0,0.0,0,0.0
2025-09-01 14:55:00+05:30,12443,352.6,353.0,352.25,353.0,21589,BIOCON,352.6,353.0,352.25,353.0,21589,0,0.0,0.0,0.0,0.0,0.0,0.0,0.0,0.0,0,0.0
2025-09-01 15:00:00+05:30,12444,352.95,353.1,352.2,352.65,26147,BIOCON,352.95,353.1,352.2,352.65,26147,0,0.0,0.0,0.0,0.0,0.0,0.0,0.0,0.0,0,0.0
2025-09-01 15:05:00+05:30,12445,352.65,352.95,352.3,352.75,24034,BIOCON,352.65,352.95,352.3,352.75,24034,0,0.0,0.0,0.0,0.0,0.0,0.0,0.0,0.0,0,0.0
2025-09-01 15:10:00+05:30,12446,352.7,352.8,352.25,352.7,32863,BIOCON,352.7,352.8,352.25,352.7,32863,0,0.0,0.0,0.0,0.0,0.0,0.0,0.0,0.0,0,0.0
2025-09-01 15:15:00+05:30,12447,352.7,352.85,352.4,352.75,34916,BIOCON,352.7,352.85,352.4,352.75,34916,0,0.0,0.0,0.0,0.0,0.0,0.0,0.0,0.0,0,0.0
2025-09-01 15:20:00+05:30,12448,352.75,353.0,352.1,352.4,47563,BIOCON,352.75,353.0,352.1,352.4,47563,0,0.0,0.0,0.0,0.0,0.0,0.0,0.0,0.0,0,0.0
2025-09-01 15:25:00+05:30,12449,352.4,352.85,352.0,352.0,33329,BIOCON,352.4,352.85,352.0,352.0,33329,0,0.0,0.0,0.0,0.0,0.0,0.0,0.0,0.0,0,0.0
2025-09-02 09:15:00+05:30,12450,353.4,354.1,351.2,351.25,52191,BIOCON,353.4,354.1,351.2,351.25,52191,0,0.0,0.0,0.0,0.0,0.0,0.0,0.0,0.0,0,0.0
2025-09-02 09:20:00+05:30,12451,351.55,351.9,351.0,351.0,23336,BIOCON,351.55,351.9,351.0,351.35,22555,0,0.0,0.0,0.0,0.0,0.0,0.0,-0.35000000000002274,-0.09971509971510618,781,3.3467603702434006
2025-09-02 09:25:00+05:30,12452,351.0,351.95,349.7,350.15,79033,BIOCON,351.0,351.95,349.7,349.8,68577,0,0.0,0.0,0.0,0.0,0.0,0.0,0.3499999999999659,0.09995716121661172,10456,13.229916617109309
2025-09-02 09:30:00+05:30,12453,350.4,351.2,350.0,351.15,25999,BIOCON,350.4,351.0,350.0,351.0,21527,0,0.0,0.0,0.19999999999998863,0.056947608200452346,0.0,0.0,0.14999999999997726,0.04271678769755867,4472,17.200661563906305
2025-09-02 09:35:00+05:30,12454,351.2,351.3,350.75,351.15,11888,BIOCON,351.2,351.3,350.75,351.2,9372,0,0.0,0.0,0.0,0.0,0.0,0.0,-0.05000000000001137,-0.014238929232524952,2516,21.164199192462988
2025-09-02 09:40:00+05:30,12455,351.15,351.9,351.15,351.8,28649,BIOCON,351.15,351.9,351.15,351.9,10412,0,0.0,0.0,0.0,0.0,0.0,0.0,-0.0999999999999659,-0.02842524161454403,18237,63.65667213515306
2025-09-02 09:45:00+05:30,12456,351.65,352.3,351.65,352.2,15950,BIOCON,351.65,352.3,351.65,352.05,15614,0,0.0,0.0,0.0,0.0,0.0,0.0,0.14999999999997726,0.04258943781941433,336,2.106583072100314
2025-09-02 09:50:00+05:30,12457,352.2,352.3,351.2,351.25,38231,BIOCON,352.2,352.3,351.75,352.0,26244,0,0.0,0.0,0.0,0.0,-0.5500000000000114,-0.1566059225512561,-0.75,-0.21352313167259787,11987,31.35413669535194
2025-09-02 09:55:00+05:30,12458,351.5,351.9,351.35,351.9,3935,BIOCON,351.5,351.9,351.35,351.9,2638,0,0.0,0.0,0.0,0.0,0.0,0.0,0.0,0.0,1297,32.96060991105464
2025-09-02 10:00:00+05:30,12459,352.0,352.15,351.8,352.1,14941,BIOCON,352.0,352.15,351.8,351.85,12766,0,0.0,0.0,0.0,0.0,0.0,0.0,0.25,0.0710025560920193,2175,14.557258550297838
2025-09-02 10:05:00+05:30,12460,352.2,352.2,351.85,352.0,3647,BIOCON,352.2,352.2,351.85,352.0,3398,0,0.0,0.0,0.0,0.0,0.0,0.0,0.0,0.0,249,6.8275294762818755
2025-09-02 10:10:00+05:30,12461,352.0,352.15,351.6,351.85,14198,BIOCON,352.0,352.15,351.6,352.15,13995,0,0.0,0.0,0.0,0.0,0.0,0.0,-0.2999999999999545,-0.08526360665054838,203,1.4297788420904354
2025-09-02 10:15:00+05:30,12462,352.1,352.4,351.85,352.25,2227,BIOCON,352.1,352.4,351.85,352.15,1255,0,0.0,0.0,0.0,0.0,0.0,0.0,0.10000000000002274,0.02838892831796245,972,43.64616075437809
2025-09-02 10:20:00+05:30,12463,352.3,353.25,352.3,352.85,17840,BIOCON,352.3,353.25,352.3,352.85,17840,0,0.0,0.0,0.0,0.0,0.0,0.0,0.0,0.0,0,0.0
2025-09-02 10:25:00+05:30,12464,353.05,353.1,352.8,353.0,5353,BIOCON,353.05,353.1,352.8,352.95,4056,0,0.0,0.0,0.0,0.0,0.0,0.0,0.05000000000001137,0.01416430594901172,1297,24.22940407248272
2025-09-02 10:30:00+05:30,12465,353.0,353.85,353.0,353.35,17295,BIOCON,353.0,353.85,353.0,353.5,13869,0,0.0,0.0,0.0,0.0,0.0,0.0,-0.14999999999997726,-0.04245082779113549,3426,19.809193408499567
2025-09-02 10:35:00+05:30,12466,353.5,353.5,352.8,353.0,7206,BIOCON,353.5,353.5,352.8,353.05,6658,0,0.0,0.0,0.0,0.0,0.0,0.0,-0.05000000000001137,-0.01416430594901172,548,7.604773799611435
2025-09-02 10:40:00+05:30,12467,353.0,353.0,352.25,352.3,4867,BIOCON,353.0,353.0,352.25,352.3,4867,0,0.0,0.0,0.0,0.0,0.0,0.0,0.0,0.0,0,0.0
2025-09-02 10:45:00+05:30,12468,352.35,352.45,352.1,352.25,8411,BIOCON,352.35,352.45,352.1,352.15,4544,0,0.0,0.0,0.0,0.0,0.0,0.0,0.10000000000002274,0.02838892831796245,3867,45.975508262988946
2025-09-02 10:50:00+05:30,12469,352.2,352.35,351.9,352.0,11687,BIOCON,352.2,352.35,351.95,351.95,10745,0,0.0,0.0,0.0,0.0,-0.05000000000001137,-0.014208581983521276,0.05000000000001137,0.014204545454548684,942,8.060237871138872
2025-09-02 10:55:00+05:30,12470,352.0,352.0,351.2,351.8,12747,BIOCON,352.0,352.0,351.2,351.85,11650,0,0.0,0.0,0.0,0.0,0.0,0.0,-0.05000000000001137,-0.014212620807280092,1097,8.605946497215031
2025-09-02 11:00:00+05:30,12471,351.75,352.0,351.5,351.6,6169,BIOCON,351.75,352.0,351.5,351.5,5511,0,0.0,0.0,0.0,0.0,0.0,0.0,0.10000000000002274,0.028441410693976887,658,10.66623439779543
2025-09-02 11:05:00+05:30,12472,351.5,351.6,351.25,351.4,7019,BIOCON,351.5,351.6,351.25,351.35,5565,0,0.0,0.0,0.0,0.0,0.0,0.0,0.049999999999954525,0.014228799089343918,1454,20.7152015956689
2025-09-02 11:10:00+05:30,12473,351.55,351.7,351.3,351.3,10524,BIOCON,351.55,351.7,351.35,351.35,8910,0,0.0,0.0,0.0,0.0,-0.05000000000001137,-0.014232849416456408,-0.05000000000001137,-0.014232849416456408,1614,15.3363740022805
2025-09-02 11:15:00+05:30,12474,351.3,351.5,351.15,351.15,3959,BIOCON,351.3,351.5,351.25,351.25,3349,0,0.0,0.0,0.0,0.0,-0.10000000000002274,-0.028477858465049903,-0.10000000000002274,-0.028477858465049903,610,15.407931295781763
2025-09-02 11:20:00+05:30,12475,351.15,351.35,351.1,351.1,6396,BIOCON,351.15,351.3,351.1,351.1,5066,0,0.0,0.0,0.05000000000001137,0.01423082396471079,0.0,0.0,0.0,0.0,1330,20.7942464040025
2025-09-02 11:25:00+05:30,12476,351.1,351.3,350.6,350.85,10672,BIOCON,351.1,351.3,350.6,350.85,10672,0,0.0,0.0,0.0,0.0,0.0,0.0,0.0,0.0,0,0.0
2025-09-02 11:30:00+05:30,12477,350.85,352.0,350.85,351.95,26127,BIOCON,350.85,352.0,350.85,351.75,24544,0,0.0,0.0,0.0,0.0,0.0,0.0,0.19999999999998863,0.05682625372921968,1583,6.058866306885597
2025-09-02 11:35:00+05:30,12478,351.8,352.6,351.6,352.05,414901,BIOCON,351.8,352.6,351.6,352.2,410902,0,0.0,0.0,0.0,0.0,0.0,0.0,-0.14999999999997726,-0.04260758414997224,3999,0.963844386974242
2025-09-02 11:40:00+05:30,12479,352.05,352.15,351.35,351.9,23967,BIOCON,352.05,352.1,351.35,351.85,22050,0,0.0,0.0,0.049999999999954525,0.014198494959521376,0.0,0.0,0.049999999999954525,0.014208581983505124,1917,7.998497934660158
2025-09-02 11:45:00+05:30,12480,351.9,352.2,351.25,351.3,13635,BIOCON,351.9,352.2,351.3,351.3,12701,0,0.0,0.0,0.0,0.0,-0.05000000000001137,-0.014234875444843094,0.0,0.0,934,6.85001833516685
2025-09-02 11:50:00+05:30,12481,351.3,351.6,351.0,351.1,7073,BIOCON,351.3,351.6,351.0,351.0,6488,0,0.0,0.0,0.0,0.0,0.0,0.0,0.10000000000002274,0.02848191398462624,585,8.270889297327868
2025-09-02 11:55:00+05:30,12482,351.1,351.8,351.1,351.55,6687,BIOCON,351.1,351.8,351.1,351.8,6032,0,0.0,0.0,0.0,0.0,0.0,0.0,-0.25,-0.07111363959607452,655,9.795124869149095
2025-09-02 12:00:00+05:30,12483,351.55,351.75,351.45,351.45,3217,BIOCON,351.55,351.75,351.5,351.5,2716,0,0.0,0.0,0.0,0.0,-0.05000000000001137,-0.014226774790158308,-0.05000000000001137,-0.014226774790158308,501,15.573515697855145
2025-09-02 12:05:00+05:30,12484,351.5,351.8,351.5,351.5,3445,BIOCON,351.5,351.8,351.5,351.5,2459,0,0.0,0.0,0.0,0.0,0.0,0.0,0.0,0.0,986,28.62119013062409
2025-09-02 12:10:00+05:30,12485,351.5,351.8,351.05,351.35,5759,BIOCON,351.5,351.8,351.1,351.1,4338,0,0.0,0.0,0.0,0.0,-0.05000000000001137,-0.014242985329728348,0.25,0.07115411982353778,1421,24.674422642819934
2025-09-02 12:15:00+05:30,12486,351.35,351.9,351.25,351.25,7043,BIOCON,351.35,351.9,351.25,351.3,6560,0,0.0,0.0,0.0,0.0,0.0,0.0,-0.05000000000001137,-0.014234875444843094,483,6.8578730654550615
2025-09-02 12:20:00+05:30,12487,351.25,351.35,351.05,351.1,12947,BIOCON,351.25,351.35,351.05,351.1,12225,0,0.0,0.0,0.0,0.0,0.0,0.0,0.0,0.0,722,5.576581447439561
2025-09-02 12:25:00+05:30,12488,351.1,351.7,351.1,351.6,4332,BIOCON,351.1,351.6,351.1,351.45,2624,0,0.0,0.0,0.0999999999999659,0.02843332385554902,0.0,0.0,0.1500000000000341,0.04266211604096533,1708,39.4275161588181
2025-09-02 12:30:00+05:30,12489,351.6,351.85,351.1,351.15,10192,BIOCON,351.6,351.85,351.1,351.15,10192,0,0.0,0.0,0.0,0.0,0.0,0.0,0.0,0.0,0,0.0
2025-09-02 12:35:00+05:30,12490,351.15,351.35,351.0,351.15,15119,BIOCON,351.15,351.35,351.0,351.05,13400,0,0.0,0.0,0.0,0.0,0.0,0.0,0.0999999999999659,0.028477858465033718,1719,11.369799589919968
2025-09-02 12:40:00+05:30,12491,351.15,351.25,351.0,351.15,3239,BIOCON,351.15,351.25,351.0,351.15,2439,0,0.0,0.0,0.0,0.0,0.0,0.0,0.0,0.0,800,24.698981167026858
2025-09-02 12:45:00+05:30,12492,351.15,351.35,351.0,351.1,3543,BIOCON,351.15,351.35,351.05,351.05,2915,0,0.0,0.0,0.0,0.0,-0.05000000000001137,-0.014245014245017482,0.05000000000001137,0.01424095699231312,628,17.72509173017217
2025-09-02 12:50:00+05:30,12493,351.1,351.3,351.0,351.05,4067,BIOCON,351.1,351.3,351.0,351.0,3431,0,0.0,0.0,0.0,0.0,0.0,0.0,0.05000000000001137,0.014242985329728348,636,15.638062453897222
2025-09-02 12:55:00+05:30,12494,351.05,351.3,350.9,351.0,8983,BIOCON,351.05,351.3,350.9,351.0,8018,0,0.0,0.0,0.0,0.0,0.0,0.0,0.0,0.0,965,10.742513636869642
2025-09-02 13:00:00+05:30,12495,351.15,351.3,350.95,351.05,6073,BIOCON,351.15,351.3,350.95,351.05,6073,0,0.0,0.0,0.0,0.0,0.0,0.0,0.0,0.0,0,0.0
2025-09-02 13:05:00+05:30,12496,351.05,351.45,351.0,351.25,3687,BIOCON,351.05,351.45,351.0,351.25,3011,0,0.0,0.0,0.0,0.0,0.0,0.0,0.0,0.0,676,18.334689449416867
2025-09-02 13:10:00+05:30,12497,351.25,351.4,351.0,351.05,9349,BIOCON,351.25,351.4,351.0,351.05,8798,0,0.0,0.0,0.0,0.0,0.0,0.0,0.0,0.0,551,5.893678468285378
2025-09-02 13:15:00+05:30,12498,351.2,351.2,350.85,351.05,11786,BIOCON,351.2,351.2,350.85,351.0,10491,0,0.0,0.0,0.0,0.0,0.0,0.0,0.05000000000001137,0.014242985329728348,1295,10.987612421517055
2025-09-02 13:20:00+05:30,12499,351.05,351.1,349.7,349.75,37973,BIOCON,351.05,351.1,349.7,349.75,37973,0,0.0,0.0,0.0,0.0,0.0,0.0,0.0,0.0,0,0.0
2025-09-02 13:25:00+05:30,12500,349.9,349.95,349.5,349.55,7138,BIOCON,349.9,349.95,349.5,349.65,6823,0,0.0,0.0,0.0,0.0,0.0,0.0,-0.0999999999999659,-0.028608210556419936,315,4.413000840571589
2025-09-02 13:30:00+05:30,12501,349.6,350.6,349.3,350.6,39195,BIOCON,349.6,350.3,349.3,350.1,18281,0,0.0,0.0,0.30000000000001137,0.0855675984027414,0.0,0.0,0.5,0.1426126640045636,20914,53.35884679168261
2025-09-02 13:35:00+05:30,12502,350.9,353.1,350.9,352.6,159701,BIOCON,350.9,353.1,350.9,352.6,159701,0,0.0,0.0,0.0,0.0,0.0,0.0,0.0,0.0,0,0.0
2025-09-02 13:40:00+05:30,12503,352.6,352.6,351.9,352.0,39978,BIOCON,352.6,352.6,351.9,352.0,39372,0,0.0,0.0,0.0,0.0,0.0,0.0,0.0,0.0,606,1.515833708539697
2025-09-02 13:45:00+05:30,12504,352.1,352.4,351.9,352.2,41468,BIOCON,352.1,352.35,351.9,352.35,37674,0,0.0,0.0,0.049999999999954525,0.01418842224743318,0.0,0.0,-0.1500000000000341,-0.04258943781943047,3794,9.149223497636733
2025-09-02 13:50:00+05:30,12505,352.35,352.5,352.05,352.05,11638,BIOCON,352.35,352.5,352.2,352.2,6669,0,0.0,0.0,0.0,0.0,-0.14999999999997726,-0.04260758414997224,-0.14999999999997726,-0.04260758414997224,4969,42.69633957724695
2025-09-02 13:55:00+05:30,12506,352.05,352.2,351.85,352.0,55228,BIOCON,352.05,352.2,351.85,352.05,53895,0,0.0,0.0,0.0,0.0,0.0,0.0,-0.05000000000001137,-0.014204545454548684,1333,2.413630767002245
2025-09-02 14:00:00+05:30,12507,352.0,352.3,351.95,352.2,48764,BIOCON,352.0,352.3,351.95,352.15,39821,0,0.0,0.0,0.0,0.0,0.0,0.0,0.05000000000001137,0.01419647927314349,8943,18.33934869986055
2025-09-02 14:05:00+05:30,12508,352.25,352.95,351.8,352.85,36295,BIOCON,352.25,352.45,351.8,352.35,32850,0,0.0,0.0,0.5,0.14166312508853945,0.0,0.0,0.5,0.14170327334561428,3445,9.491665518666483
2025-09-02 14:10:00+05:30,12509,352.8,353.6,352.75,353.25,49255,BIOCON,352.8,353.4,352.75,353.4,40768,0,0.0,0.0,0.20000000000004547,0.05656108597286353,0.0,0.0,-0.14999999999997726,-0.04246284501060927,8487,17.230737996142523
2025-09-02 14:15:00+05:30,12510,353.25,353.45,352.75,352.95,10940,BIOCON,353.25,353.45,352.75,352.75,9832,0,0.0,0.0,0.0,0.0,0.0,0.0,0.19999999999998863,0.05666525003541256,1108,10.12797074954296
2025-09-02 14:20:00+05:30,12511,352.95,353.4,352.7,352.8,25649,BIOCON,352.95,353.4,352.8,353.0,22296,0,0.0,0.0,0.0,0.0,-0.10000000000002274,-0.028352707683590227,-0.19999999999998863,-0.05668934240362489,3353,13.072634410698273
2025-09-02 14:25:00+05:30,12512,352.8,353.25,352.4,352.9,22826,BIOCON,352.8,353.25,352.4,353.0,21527,0,0.0,0.0,0.0,0.0,0.0,0.0,-0.10000000000002274,-0.02833663927458848,1299,5.690878822395514
2025-09-02 14:30:00+05:30,12513,352.75,352.95,352.65,352.95,6787,BIOCON,352.75,352.95,352.65,352.9,6093,0,0.0,0.0,0.0,0.0,0.0,0.0,0.05000000000001137,0.014166312508857169,694,10.225430970973921
2025-09-02 14:35:00+05:30,12514,352.95,354.7,352.8,354.7,51903,BIOCON,352.95,353.8,352.8,353.7,24354,0,0.0,0.0,0.8999999999999773,0.2537355511699964,0.0,0.0,1.0,0.28192839018889204,27549,53.07785677128489
2025-09-02 14:40:00+05:30,12515,354.7,355.1,354.45,355.0,43739,BIOCON,354.7,355.1,354.45,354.9,33905,0,0.0,0.0,0.0,0.0,0.0,0.0,0.10000000000002274,0.028169014084513447,9834,22.483367246622006
2025-09-02 14:45:00+05:30,12516,355.05,355.8,354.95,355.45,39315,BIOCON,355.05,355.8,354.95,355.55,36093,0,0.0,0.0,0.0,0.0,0.0,0.0,-0.10000000000002274,-0.02813335208890779,3222,8.195345288057993
2025-09-02 14:50:00+05:30,12517,355.45,355.55,355.05,355.3,24142,BIOCON,355.45,355.55,355.05,355.25,16102,0,0.0,0.0,0.0,0.0,0.0,0.0,0.05000000000001137,0.014072614691812936,8040,33.302957501449754
2025-09-02 14:55:00+05:30,12518,355.3,356.1,355.1,355.25,72813,BIOCON,355.3,356.1,355.1,355.3,67108,0,0.0,0.0,0.0,0.0,0.0,0.0,-0.05000000000001137,-0.014074595355386733,5705,7.835139329515334
2025-09-02 15:00:00+05:30,12519,355.25,356.0,355.15,355.5,168858,BIOCON,355.25,355.95,355.15,355.85,111630,0,0.0,0.0,0.05000000000001137,0.014044943820227914,0.0,0.0,-0.35000000000002274,-0.09845288326301624,57228,33.891198521834916
2025-09-02 15:05:00+05:30,12520,355.5,356.95,355.5,356.45,283727,BIOCON,355.5,356.95,355.5,356.8,229461,0,0.0,0.0,0.0,0.0,0.0,0.0,-0.35000000000002274,-0.09819048954973285,54266,19.126131809803084
2025-09-02 15:10:00+05:30,12521,356.45,357.0,355.75,356.15,242628,BIOCON,356.45,357.0,355.75,356.15,242628,0,0.0,0.0,0.0,0.0,0.0,0.0,0.0,0.0,0,0.0
2025-09-02 15:15:00+05:30,12522,356.2,356.35,355.1,355.9,238395,BIOCON,356.2,356.35,355.1,355.9,238395,0,0.0,0.0,0.0,0.0,0.0,0.0,0.0,0.0,0,0.0
2025-09-02 15:20:00+05:30,12523,355.85,356.4,355.45,355.95,201784,BIOCON,355.85,356.4,355.45,355.95,201784,0,0.0,0.0,0.0,0.0,0.0,0.0,0.0,0.0,0,0.0
2025-09-02 15:25:00+05:30,12524,356.0,356.0,353.9,354.3,39539,BIOCON,356.0,356.0,353.9,354.3,39539,0,0.0,0.0,0.0,0.0,0.0,0.0,0.0,0.0,0,0.0
2025-09-03 09:15:00+05:30,12525,355.5,356.4,354.35,355.2,59531,BIOCON,355.5,356.4,354.35,355.2,59531,0,0.0,0.0,0.0,0.0,0.0,0.0,0.0,0.0,0,0.0
2025-09-03 09:20:00+05:30,12526,355.3,355.45,353.85,354.0,28878,BIOCON,355.3,355.45,353.85,354.0,28878,0,0.0,0.0,0.0,0.0,0.0,0.0,0.0,0.0,0,0.0
2025-09-03 09:25:00+05:30,12527,354.1,355.2,353.85,354.75,13796,BIOCON,354.1,355.2,353.85,354.75,13796,0,0.0,0.0,0.0,0.0,0.0,0.0,0.0,0.0,0,0.0
2025-09-03 09:30:00+05:30,12528,354.85,355.6,354.3,355.6,27921,BIOCON,354.85,355.6,354.3,355.6,27921,0,0.0,0.0,0.0,0.0,0.0,0.0,0.0,0.0,0,0.0
2025-09-03 09:35:00+05:30,12529,355.5,356.05,354.75,354.85,24425,BIOCON,355.5,356.05,354.75,354.85,24425,0,0.0,0.0,0.0,0.0,0.0,0.0,0.0,0.0,0,0.0
2025-09-03 09:40:00+05:30,12530,354.85,355.55,354.5,355.55,28741,BIOCON,354.85,355.55,354.5,355.55,28741,0,0.0,0.0,0.0,0.0,0.0,0.0,0.0,0.0,0,0.0
2025-09-03 09:45:00+05:30,12531,355.85,356.3,355.55,355.55,38634,BIOCON,355.85,356.3,355.55,355.55,38634,0,0.0,0.0,0.0,0.0,0.0,0.0,0.0,0.0,0,0.0
2025-09-03 09:50:00+05:30,12532,355.6,356.9,355.25,356.55,16484,BIOCON,355.6,356.9,355.25,356.55,16484,0,0.0,0.0,0.0,0.0,0.0,0.0,0.0,0.0,0,0.0
2025-09-03 09:55:00+05:30,12533,356.6,357.5,356.6,357.4,28622,BIOCON,356.6,357.5,356.6,357.4,28622,0,0.0,0.0,0.0,0.0,0.0,0.0,0.0,0.0,0,0.0
2025-09-03 10:00:00+05:30,12534,357.45,358.5,357.4,358.5,44588,BIOCON,357.45,358.5,357.4,358.5,44588,0,0.0,0.0,0.0,0.0,0.0,0.0,0.0,0.0,0,0.0
2025-09-03 10:05:00+05:30,12535,358.5,358.7,358.05,358.25,23981,BIOCON,358.5,358.7,358.05,358.25,23981,0,0.0,0.0,0.0,0.0,0.0,0.0,0.0,0.0,0,0.0
2025-09-03 10:10:00+05:30,12536,358.2,358.3,357.45,357.8,20993,BIOCON,358.2,358.3,357.45,357.8,20993,0,0.0,0.0,0.0,0.0,0.0,0.0,0.0,0.0,0,0.0
2025-09-03 10:15:00+05:30,12537,357.55,357.95,357.4,357.95,7827,BIOCON,357.55,357.95,357.4,357.95,7827,0,0.0,0.0,0.0,0.0,0.0,0.0,0.0,0.0,0,0.0
2025-09-03 10:20:00+05:30,12538,357.9,357.9,357.05,357.25,11930,BIOCON,357.9,357.9,357.05,357.25,11930,0,0.0,0.0,0.0,0.0,0.0,0.0,0.0,0.0,0,0.0
2025-09-03 10:25:00+05:30,12539,357.25,357.4,356.85,357.1,11147,BIOCON,357.25,357.4,356.85,357.1,11147,0,0.0,0.0,0.0,0.0,0.0,0.0,0.0,0.0,0,0.0
2025-09-03 10:30:00+05:30,12540,357.0,357.45,357.0,357.3,3095,BIOCON,357.0,357.45,357.0,357.3,3095,0,0.0,0.0,0.0,0.0,0.0,0.0,0.0,0.0,0,0.0
2025-09-03 10:35:00+05:30,12541,357.3,357.45,356.45,356.45,12477,BIOCON,357.3,357.45,356.45,356.45,12477,0,0.0,0.0,0.0,0.0,0.0,0.0,0.0,0.0,0,0.0
2025-09-03 10:40:00+05:30,12542,356.5,356.55,356.05,356.3,10361,BIOCON,356.5,356.55,356.05,356.3,10361,0,0.0,0.0,0.0,0.0,0.0,0.0,0.0,0.0,0,0.0
2025-09-03 10:45:00+05:30,12543,356.3,356.8,355.8,356.8,11255,BIOCON,356.3,356.8,355.8,356.8,11255,0,0.0,0.0,0.0,0.0,0.0,0.0,0.0,0.0,0,0.0
2025-09-03 10:50:00+05:30,12544,356.5,356.65,356.2,356.45,3406,BIOCON,356.5,356.65,356.2,356.45,3406,0,0.0,0.0,0.0,0.0,0.0,0.0,0.0,0.0,0,0.0
2025-09-03 10:55:00+05:30,12545,356.3,356.9,356.3,356.85,7748,BIOCON,356.3,356.9,356.3,356.85,7748,0,0.0,0.0,0.0,0.0,0.0,0.0,0.0,0.0,0,0.0
2025-09-03 11:00:00+05:30,12546,356.7,358.9,356.7,358.8,42068,BIOCON,356.7,358.9,356.7,358.8,42068,0,0.0,0.0,0.0,0.0,0.0,0.0,0.0,0.0,0,0.0
2025-09-03 11:05:00+05:30,12547,358.9,360.6,358.75,360.05,205214,BIOCON,358.9,360.6,358.75,360.35,193247,0,0.0,0.0,0.0,0.0,0.0,0.0,-0.30000000000001137,-0.08332176086654947,11967,5.83147348621439
2025-09-03 11:10:00+05:30,12548,360.15,362.0,360.0,361.85,151554,BIOCON,360.15,361.7,360.0,361.5,92716,0,0.0,0.0,0.30000000000001137,0.08287292817679873,0.0,0.0,0.35000000000002274,0.09672516236010023,58838,38.82312575055756
2025-09-03 11:15:00+05:30,12549,361.85,363.3,361.75,363.05,142494,BIOCON,361.85,362.7,361.75,362.5,87085,0,0.0,0.0,0.6000000000000227,0.16515276630884193,0.0,0.0,0.5500000000000114,0.1514942845338139,55409,38.88514604123682
2025-09-03 11:20:00+05:30,12550,363.0,363.5,362.85,363.1,48410,BIOCON,363.0,363.5,362.85,363.3,40823,0,0.0,0.0,0.0,0.0,0.0,0.0,-0.19999999999998863,-0.05508124483613017,7587,15.67238173931006
2025-09-03 11:25:00+05:30,12551,363.15,363.3,362.25,362.55,66198,BIOCON,363.15,363.3,362.25,362.8,64054,0,0.0,0.0,0.0,0.0,0.0,0.0,-0.25,-0.06895600606812853,2144,3.2387685428562794
2025-09-03 11:30:00+05:30,12552,362.7,362.8,361.85,362.65,17807,BIOCON,362.7,362.8,361.85,362.4,14342,0,0.0,0.0,0.0,0.0,0.0,0.0,0.25,0.06893699158968702,3465,19.458639860728926
2025-09-03 11:35:00+05:30,12553,362.7,362.85,362.15,362.8,19662,BIOCON,362.7,362.85,362.15,362.8,19662,0,0.0,0.0,0.0,0.0,0.0,0.0,0.0,0.0,0,0.0
2025-09-03 11:40:00+05:30,12554,362.85,362.95,362.7,362.75,9497,BIOCON,362.85,362.95,362.7,362.75,8412,0,0.0,0.0,0.0,0.0,0.0,0.0,0.0,0.0,1085,11.424660419079709
2025-09-03 11:45:00+05:30,12555,362.75,362.95,362.4,362.7,10287,BIOCON,362.75,362.95,362.4,362.85,9788,0,0.0,0.0,0.0,0.0,0.0,0.0,-0.1500000000000341,-0.0413564929694056,499,4.850782541071255
2025-09-03 11:50:00+05:30,12556,362.7,362.8,362.4,362.45,11576,BIOCON,362.7,362.8,362.4,362.7,10347,0,0.0,0.0,0.0,0.0,0.0,0.0,-0.25,-0.06897503103876397,1229,10.616793365583966
2025-09-03 11:55:00+05:30,12557,362.45,362.65,362.3,362.35,20589,BIOCON,362.45,362.65,362.45,362.5,5009,0,0.0,0.0,0.0,0.0,-0.14999999999997726,-0.04140215291194514,-0.14999999999997726,-0.04139643990616179,15580,75.6714750594978
2025-09-03 12:00:00+05:30,12558,362.3,362.3,361.6,361.75,12357,BIOCON,362.3,362.3,361.6,361.7,11765,0,0.0,0.0,0.0,0.0,0.0,0.0,0.05000000000001137,0.013821700069111643,592,4.790806830136765
2025-09-03 12:05:00+05:30,12559,361.75,362.5,361.75,362.5,92908,BIOCON,361.75,362.25,361.75,362.15,65695,0,0.0,0.0,0.25,0.06896551724137931,0.0,0.0,0.35000000000002274,0.0965517241379373,27213,29.29026563912688
2025-09-03 12:10:00+05:30,12560,362.5,362.5,362.0,362.1,11741,BIOCON,362.5,362.5,362.0,362.1,11741,0,0.0,0.0,0.0,0.0,0.0,0.0,0.0,0.0,0,0.0
2025-09-03 12:15:00+05:30,12561,362.1,362.35,361.4,361.65,20204,BIOCON,362.1,362.35,362.0,362.1,7396,0,0.0,0.0,0.0,0.0,-0.6000000000000227,-0.16602102933038815,-0.4500000000000455,-0.12442969722108269,12808,63.39338744803009
2025-09-03 12:20:00+05:30,12562,361.7,361.7,361.35,361.6,12158,BIOCON,361.7,361.7,361.35,361.6,11447,0,0.0,0.0,0.0,0.0,0.0,0.0,0.0,0.0,711,5.848001316005922
2025-09-03 12:25:00+05:30,12563,361.6,361.6,361.2,361.25,13256,BIOCON,361.6,361.6,361.3,361.35,12558,0,0.0,0.0,0.0,0.0,-0.10000000000002274,-0.02768549280177817,-0.10000000000002274,-0.027681660899660274,698,5.265540132770067
2025-09-03 12:30:00+05:30,12564,361.25,361.5,361.2,361.25,5723,BIOCON,361.25,361.45,361.2,361.25,3499,0,0.0,0.0,0.05000000000001137,0.013831258644539797,0.0,0.0,0.0,0.0,2224,38.86073737550236
2025-09-03 12:35:00+05:30,12565,361.45,361.5,361.25,361.35,5643,BIOCON,361.45,361.5,361.25,361.5,4787,0,0.0,0.0,0.0,0.0,0.0,0.0,-0.14999999999997726,-0.04151100041510371,856,15.169236221867802
2025-09-03 12:40:00+05:30,12566,361.35,361.5,361.25,361.45,13543,BIOCON,361.35,361.5,361.25,361.45,12024,0,0.0,0.0,0.0,0.0,0.0,0.0,0.0,0.0,1519,11.216126412168649
2025-09-03 12:45:00+05:30,12567,361.5,361.5,361.1,361.1,16486,BIOCON,361.5,361.5,361.25,361.4,12058,0,0.0,0.0,0.0,0.0,-0.14999999999997726,-0.04153973968429168,-0.2999999999999545,-0.08307947936858336,4428,26.859153220914717
2025-09-03 12:50:00+05:30,12568,361.2,361.2,360.55,360.55,14959,BIOCON,361.2,361.2,360.55,360.55,14959,0,0.0,0.0,0.0,0.0,0.0,0.0,0.0,0.0,0,0.0
2025-09-03 12:55:00+05:30,12569,360.7,360.75,360.05,360.25,15794,BIOCON,360.7,360.75,360.05,360.2,12191,0,0.0,0.0,0.0,0.0,0.0,0.0,0.05000000000001137,0.013879250520475051,3603,22.812460428010635
2025-09-03 13:00:00+05:30,12570,360.25,360.6,359.6,360.6,74123,BIOCON,360.25,360.5,359.6,360.5,73058,0,0.0,0.0,0.10000000000002274,0.027731558513594764,0.0,0.0,0.10000000000002274,0.027731558513594764,1065,1.4368009929441605
2025-09-03 13:05:00+05:30,12571,360.6,361.4,360.55,361.05,12213,BIOCON,360.6,361.25,360.55,361.1,9063,0,0.0,0.0,0.14999999999997726,0.04150525733258917,0.0,0.0,-0.05000000000001137,-0.013848497438031121,3150,25.79218865143699
2025-09-03 13:10:00+05:30,12572,361.05,361.35,360.75,361.3,16741,BIOCON,361.05,361.35,360.75,361.1,11189,0,0.0,0.0,0.0,0.0,0.0,0.0,0.19999999999998863,0.05535566011624374,5552,33.16408816677618
2025-09-03 13:15:00+05:30,12573,361.3,361.75,361.2,361.75,5125,BIOCON,361.3,361.6,361.2,361.55,4210,0,0.0,0.0,0.14999999999997726,0.041465100207319215,0.0,0.0,0.19999999999998863,0.05528680027643086,915,17.853658536585364
2025-09-03 13:20:00+05:30,12574,361.75,362.05,361.45,361.45,15061,BIOCON,361.75,362.05,361.55,361.55,12693,0,0.0,0.0,0.0,0.0,-0.10000000000002274,-0.02766634389266088,-0.10000000000002274,-0.02766634389266088,2368,15.722727574530243
2025-09-03 13:25:00+05:30,12575,361.5,361.5,360.5,360.7,20767,BIOCON,361.5,361.5,360.5,360.65,19750,0,0.0,0.0,0.0,0.0,0.0,0.0,0.05000000000001137,0.013861935126146762,1017,4.897192661434006
2025-09-03 13:30:00+05:30,12576,360.7,360.9,360.5,360.8,8804,BIOCON,360.7,360.9,360.5,360.7,5257,0,0.0,0.0,0.0,0.0,0.0,0.0,0.10000000000002274,0.027716186252777917,3547,40.288505224897776
2025-09-03 13:35:00+05:30,12577,360.75,360.75,360.05,360.5,15146,BIOCON,360.75,360.75,360.05,360.45,13443,0,0.0,0.0,0.0,0.0,0.0,0.0,0.05000000000001137,0.013869625520114112,1703,11.243892776970817
2025-09-03 13:40:00+05:30,12578,360.5,360.9,360.15,360.85,14823,BIOCON,360.5,360.9,360.15,360.85,14823,0,0.0,0.0,0.0,0.0,0.0,0.0,0.0,0.0,0,0.0
2025-09-03 13:45:00+05:30,12579,360.8,360.9,360.8,360.85,7395,BIOCON,360.8,360.9,360.8,360.85,5696,0,0.0,0.0,0.0,0.0,0.0,0.0,0.0,0.0,1699,22.97498309668695
2025-09-03 13:50:00+05:30,12580,360.85,360.9,360.1,360.5,19277,BIOCON,360.85,360.9,360.1,360.5,19277,0,0.0,0.0,0.0,0.0,0.0,0.0,0.0,0.0,0,0.0
2025-09-03 13:55:00+05:30,12581,360.6,360.65,360.3,360.6,6840,BIOCON,360.6,360.65,360.3,360.5,6306,0,0.0,0.0,0.0,0.0,0.0,0.0,0.10000000000002274,0.027731558513594764,534,7.80701754385965
2025-09-03 14:00:00+05:30,12582,360.6,360.9,360.5,360.9,5350,BIOCON,360.6,360.9,360.5,360.9,5350,0,0.0,0.0,0.0,0.0,0.0,0.0,0.0,0.0,0,0.0
2025-09-03 14:05:00+05:30,12583,360.9,361.2,360.05,361.2,35007,BIOCON,360.9,361.1,360.05,361.1,33082,0,0.0,0.0,0.0999999999999659,0.027685492801762433,0.0,0.0,0.0999999999999659,0.027685492801762433,1925,5.498900219956009
2025-09-03 14:10:00+05:30,12584,361.2,363.0,361.2,361.9,129052,BIOCON,361.2,363.0,361.2,361.9,127537,0,0.0,0.0,0.0,0.0,0.0,0.0,0.0,0.0,1515,1.1739453863558875
2025-09-03 14:15:00+05:30,12585,362.1,362.5,361.95,362.25,12001,BIOCON,362.1,362.4,361.95,362.4,6835,0,0.0,0.0,0.10000000000002274,0.027586206896557997,0.0,0.0,-0.14999999999997726,-0.041407867494817736,5166,43.04641279893342
2025-09-03 14:20:00+05:30,12586,362.25,362.65,361.85,361.95,28832,BIOCON,362.25,362.65,361.85,361.95,28832,0,0.0,0.0,0.0,0.0,0.0,0.0,0.0,0.0,0,0.0
2025-09-03 14:25:00+05:30,12587,362.0,362.35,361.55,362.05,19490,BIOCON,362.0,362.35,361.55,361.85,18423,0,0.0,0.0,0.0,0.0,0.0,0.0,0.19999999999998863,0.05524098881369662,1067,5.47460236018471
2025-09-03 14:30:00+05:30,12588,362.05,362.35,361.35,361.85,13289,BIOCON,362.05,362.35,361.65,361.75,9840,0,0.0,0.0,0.0,0.0,-0.2999999999999545,-0.08302200083020742,0.10000000000002274,0.027635760674318843,3449,25.953796372940026
2025-09-03 14:35:00+05:30,12589,361.95,362.0,360.6,361.0,51911,BIOCON,361.95,362.0,360.6,361.0,50482,0,0.0,0.0,0.0,0.0,0.0,0.0,0.0,0.0,1429,2.7527884263450906
2025-09-03 14:40:00+05:30,12590,361.0,361.0,360.6,360.95,16692,BIOCON,361.0,361.0,360.7,360.95,10316,0,0.0,0.0,0.0,0.0,-0.0999999999999659,-0.027731558513579006,0.0,0.0,6376,38.19793913251857
2025-09-03 14:45:00+05:30,12591,360.95,361.15,360.8,361.1,13347,BIOCON,360.95,361.1,360.8,360.95,11025,0,0.0,0.0,0.049999999999954525,0.013844662882446223,0.0,0.0,0.1500000000000341,0.04153973968430742,2322,17.397167902899525
2025-09-03 14:50:00+05:30,12592,361.05,362.3,360.75,362.2,52538,BIOCON,361.05,362.0,360.75,362.0,40583,0,0.0,0.0,0.30000000000001137,0.08280430582390598,0.0,0.0,0.19999999999998863,0.055218111540582177,11955,22.754958315885645
2025-09-03 14:55:00+05:30,12593,362.2,362.65,361.6,362.0,91169,BIOCON,362.2,362.65,361.6,362.0,91169,0,0.0,0.0,0.0,0.0,0.0,0.0,0.0,0.0,0,0.0
2025-09-03 15:00:00+05:30,12594,361.95,362.5,361.05,361.8,116332,BIOCON,361.95,362.5,361.05,362.15,96351,0,0.0,0.0,0.0,0.0,0.0,0.0,-0.3499999999999659,-0.09673852957434104,19981,17.175841556923288
2025-09-03 15:05:00+05:30,12595,361.8,362.0,361.45,361.7,84994,BIOCON,361.8,362.0,361.45,361.65,69695,0,0.0,0.0,0.0,0.0,0.0,0.0,0.05000000000001137,0.013823610727125069,15299,18.000094124291127
2025-09-03 15:10:00+05:30,12596,361.7,361.75,361.25,361.55,86367,BIOCON,361.7,361.75,361.25,361.55,86367,0,0.0,0.0,0.0,0.0,0.0,0.0,0.0,0.0,0,0.0
2025-09-03 15:15:00+05:30,12597,361.5,361.75,361.1,361.4,121620,BIOCON,361.5,361.75,361.1,361.4,121620,0,0.0,0.0,0.0,0.0,0.0,0.0,0.0,0.0,0,0.0
2025-09-03 15:20:00+05:30,12598,361.4,361.5,361.25,361.4,59111,BIOCON,361.4,361.5,361.25,361.4,59111,0,0.0,0.0,0.0,0.0,0.0,0.0,0.0,0.0,0,0.0
2025-09-03 15:25:00+05:30,12599,361.25,361.4,360.2,360.95,62722,BIOCON,361.25,361.4,360.2,360.95,62722,0,0.0,0.0,0.0,0.0,0.0,0.0,0.0,0.0,0,0.0
2025-09-04 09:15:00+05:30,12600,364.5,364.55,360.75,360.95,66200,BIOCON,364.5,364.55,360.9,361.3,60289,0,0.0,0.0,0.0,0.0,-0.14999999999997726,-0.041580041580035275,-0.35000000000002274,-0.09696633882809884,5911,8.929003021148036
2025-09-04 09:20:00+05:30,12601,360.7,360.8,359.55,360.25,29600,BIOCON,360.7,360.8,359.55,360.25,24079,0,0.0,0.0,0.0,0.0,0.0,0.0,0.0,0.0,5521,18.652027027027028
2025-09-04 09:25:00+05:30,12602,360.4,360.5,359.85,360.4,15607,BIOCON,360.4,360.45,359.85,360.45,14289,0,0.0,0.0,0.05000000000001137,0.013869625520114112,0.0,0.0,-0.05000000000001137,-0.01387347391787219,1318,8.444928557698468
2025-09-04 09:30:00+05:30,12603,360.4,361.5,360.1,360.8,24259,BIOCON,360.4,361.5,360.1,361.3,19886,0,0.0,0.0,0.0,0.0,0.0,0.0,-0.5,-0.1385809312638581,4373,18.026299517704768
2025-09-04 09:35:00+05:30,12604,360.8,361.45,360.8,361.2,15450,BIOCON,360.8,361.45,360.8,361.45,9415,0,0.0,0.0,0.0,0.0,0.0,0.0,-0.25,-0.06921373200442968,6035,39.06148867313916
2025-09-04 09:40:00+05:30,12605,361.2,361.4,360.45,360.6,16890,BIOCON,361.2,361.4,360.45,360.6,15225,0,0.0,0.0,0.0,0.0,0.0,0.0,0.0,0.0,1665,9.857904085257548
2025-09-04 09:45:00+05:30,12606,360.6,361.4,360.6,361.4,20078,BIOCON,360.6,361.4,360.6,361.35,19776,0,0.0,0.0,0.0,0.0,0.0,0.0,0.049999999999954525,0.013835085777519237,302,1.5041338778762825
2025-09-04 09:50:00+05:30,12607,361.4,362.6,361.4,362.45,16966,BIOCON,361.4,362.6,361.4,362.45,16966,0,0.0,0.0,0.0,0.0,0.0,0.0,0.0,0.0,0,0.0
2025-09-04 09:55:00+05:30,12608,362.45,362.6,361.9,362.4,17205,BIOCON,362.45,362.6,361.9,362.3,13481,0,0.0,0.0,0.0,0.0,0.0,0.0,0.0999999999999659,0.02759381898453805,3724,21.64487067712874
2025-09-04 10:00:00+05:30,12609,362.45,362.45,361.6,362.05,20652,BIOCON,362.45,362.45,361.6,361.7,14292,0,0.0,0.0,0.0,0.0,0.0,0.0,0.35000000000002274,0.09667173042398086,6360,30.796048808832072
2025-09-04 10:05:00+05:30,12610,362.3,362.3,360.9,361.0,24939,BIOCON,362.3,362.3,360.9,362.0,21006,0,0.0,0.0,0.0,0.0,0.0,0.0,-1.0,-0.2770083102493075,3933,15.770479971129555
2025-09-04 10:10:00+05:30,12611,361.0,361.3,360.6,360.75,11572,BIOCON,361.0,361.3,360.6,360.85,11374,0,0.0,0.0,0.0,0.0,0.0,0.0,-0.10000000000002274,-0.027720027720034023,198,1.7110266159695817
2025-09-04 10:15:00+05:30,12612,360.75,361.85,360.3,361.4,6965,BIOCON,360.75,361.4,360.3,361.2,5010,0,0.0,0.0,0.4500000000000455,0.12436092303441909,0.0,0.0,0.19999999999998863,0.055340343110124146,1955,28.068916008614504
2025-09-04 10:20:00+05:30,12613,361.4,361.85,361.35,361.65,3433,BIOCON,361.4,361.6,361.35,361.6,2274,0,0.0,0.0,0.25,0.0690894016857814,0.0,0.0,0.049999999999954525,0.013825521913439661,1159,33.76055927759977
2025-09-04 10:25:00+05:30,12614,361.85,361.9,360.7,360.8,18660,BIOCON,361.85,361.9,360.8,360.85,17644,0,0.0,0.0,0.0,0.0,-0.10000000000002274,-0.027723870252293524,-0.05000000000001137,-0.013858093126388958,1016,5.444801714898178
2025-09-04 10:30:00+05:30,12615,360.8,361.25,360.8,361.15,1679,BIOCON,360.8,361.25,360.8,361.25,1206,0,0.0,0.0,0.0,0.0,0.0,0.0,-0.10000000000002274,-0.027689325764923924,473,28.171530673019657
2025-09-04 10:35:00+05:30,12616,361.1,361.1,360.3,360.85,10211,BIOCON,361.1,361.1,360.3,360.85,10120,0,0.0,0.0,0.0,0.0,0.0,0.0,0.0,0.0,91,0.8911957692684359
2025-09-04 10:40:00+05:30,12617,360.7,360.75,360.05,360.2,11391,BIOCON,360.7,360.75,360.05,360.1,11271,0,0.0,0.0,0.0,0.0,0.0,0.0,0.0999999999999659,0.02776235424763073,120,1.053463260468791
2025-09-04 10:45:00+05:30,12618,360.2,361.0,360.1,361.0,4811,BIOCON,360.2,360.8,360.1,360.8,3340,0,0.0,0.0,0.19999999999998863,0.055401662049858344,0.0,0.0,0.19999999999998863,0.055401662049858344,1471,30.575763874454374
2025-09-04 10:50:00+05:30,12619,361.0,361.3,360.3,360.4,27264,BIOCON,361.0,361.3,360.3,360.75,24060,0,0.0,0.0,0.0,0.0,0.0,0.0,-0.35000000000002274,-0.09711431742508955,3204,11.751760563380282
2025-09-04 10:55:00+05:30,12620,360.4,361.4,360.15,360.6,19057,BIOCON,360.4,361.4,360.15,361.1,15720,0,0.0,0.0,0.0,0.0,0.0,0.0,-0.5,-0.1386577925679423,3337,17.510626016686782
2025-09-04 11:00:00+05:30,12621,360.8,361.2,359.85,360.35,45758,BIOCON,360.8,361.2,359.85,360.2,45649,0,0.0,0.0,0.0,0.0,0.0,0.0,0.1500000000000341,0.04162619675316612,109,0.23820971196293542
2025-09-04 11:05:00+05:30,12622,360.35,360.35,359.45,359.85,6462,BIOCON,360.35,360.35,359.45,359.7,6460,0,0.0,0.0,0.0,0.0,0.0,0.0,0.1500000000000341,0.041684035014598886,2,0.03095017022593624
2025-09-04 11:10:00+05:30,12623,359.85,360.0,359.65,359.75,1456,BIOCON,359.85,360.0,359.7,359.7,1131,0,0.0,0.0,0.0,0.0,-0.05000000000001137,-0.013902405116088246,0.05000000000001137,0.013898540653234571,325,22.321428571428573
2025-09-04 11:15:00+05:30,12624,359.75,359.75,359.45,359.45,4078,BIOCON,359.75,359.75,359.45,359.45,3075,0,0.0,0.0,0.0,0.0,0.0,0.0,0.0,0.0,1003,24.59538989700834
2025-09-04 11:20:00+05:30,12625,359.45,359.45,358.55,358.7,35362,BIOCON,359.45,359.45,358.55,358.9,34159,0,0.0,0.0,0.0,0.0,0.0,0.0,-0.19999999999998863,-0.055756899916361485,1203,3.401956902890108
2025-09-04 11:25:00+05:30,12626,358.7,359.3,358.7,359.3,3816,BIOCON,358.7,359.2,358.7,359.2,3453,0,0.0,0.0,0.10000000000002274,0.0278318953520798,0.0,0.0,0.10000000000002274,0.0278318953520798,363,9.512578616352203
2025-09-04 11:30:00+05:30,12627,359.3,359.85,359.3,359.55,10505,BIOCON,359.3,359.85,359.3,359.35,10395,0,0.0,0.0,0.0,0.0,0.0,0.0,0.19999999999998863,0.05562508691419514,110,1.0471204188481675
2025-09-04 11:35:00+05:30,12628,359.5,359.5,358.9,358.9,10613,BIOCON,359.5,359.5,359.0,359.0,10571,0,0.0,0.0,0.0,0.0,-0.10000000000002274,-0.027862914460858944,-0.10000000000002274,-0.027862914460858944,42,0.3957410722698577
2025-09-04 11:40:00+05:30,12629,358.9,359.5,358.85,359.4,19061,BIOCON,358.9,359.3,358.85,359.15,18632,0,0.0,0.0,0.19999999999998863,0.05563282336578265,0.0,0.0,0.25,0.06956037840845855,429,2.2506689050941713
2025-09-04 11:45:00+05:30,12630,359.3,359.95,359.3,359.45,13729,BIOCON,359.3,359.95,359.3,359.5,13706,0,0.0,0.0,0.0,0.0,0.0,0.0,-0.05000000000001137,-0.013910140492422136,23,0.16752858911792554
2025-09-04 11:50:00+05:30,12631,359.4,359.4,358.95,358.95,11823,BIOCON,359.4,359.4,358.95,359.1,9303,0,0.0,0.0,0.0,0.0,0.0,0.0,-0.1500000000000341,-0.04178854993732668,2520,21.314387211367674
2025-09-04 11:55:00+05:30,12632,359.0,359.1,358.75,358.75,3102,BIOCON,359.0,359.1,358.75,358.75,3102,0,0.0,0.0,0.0,0.0,0.0,0.0,0.0,0.0,0,0.0
2025-09-04 12:00:00+05:30,12633,358.8,358.8,357.9,358.0,32725,BIOCON,358.8,358.8,357.9,358.25,26859,0,0.0,0.0,0.0,0.0,0.0,0.0,-0.25,-0.06983240223463687,5866,17.925133689839573
2025-09-04 12:05:00+05:30,12634,357.95,358.55,357.95,358.4,3506,BIOCON,357.95,358.55,357.95,358.35,2735,0,0.0,0.0,0.0,0.0,0.0,0.0,0.049999999999954525,0.013950892857130168,771,21.990872789503708
2025-09-04 12:10:00+05:30,12635,358.25,358.4,357.6,357.65,3734,BIOCON,358.25,358.4,357.65,357.7,3214,0,0.0,0.0,0.0,0.0,-0.049999999999954525,-0.013982102908264687,-0.05000000000001137,-0.01398014818957399,520,13.926084627745045
2025-09-04 12:15:00+05:30,12636,357.75,358.15,357.5,357.55,10956,BIOCON,357.75,358.15,357.6,357.6,9414,0,0.0,0.0,0.0,0.0,-0.10000000000002274,-0.02797202797203433,-0.05000000000001137,-0.013984058173685181,1542,14.074479737130337
2025-09-04 12:20:00+05:30,12637,357.7,358.75,357.5,358.2,15282,BIOCON,357.7,358.75,357.5,358.05,13502,0,0.0,0.0,0.0,0.0,0.0,0.0,0.14999999999997726,0.04187604690116618,1780,11.647690092919776
2025-09-04 12:25:00+05:30,12638,358.2,358.65,357.75,358.6,7237,BIOCON,358.2,358.35,357.75,358.3,6294,0,0.0,0.0,0.2999999999999545,0.08364700961939343,0.0,0.0,0.30000000000001137,0.08365867261573098,943,13.030261157938373
2025-09-04 12:30:00+05:30,12639,358.75,359.45,358.6,359.35,2383,BIOCON,358.75,359.35,358.6,359.35,2042,0,0.0,0.0,0.0999999999999659,0.027820280984828458,0.0,0.0,0.0,0.0,341,14.309693663449433
2025-09-04 12:35:00+05:30,12640,359.45,359.7,359.35,359.4,7204,BIOCON,359.45,359.7,359.35,359.55,6819,0,0.0,0.0,0.0,0.0,0.0,0.0,-0.1500000000000341,-0.04173622704508462,385,5.344253192670738
2025-09-04 12:40:00+05:30,12641,359.55,359.75,359.4,359.6,6489,BIOCON,359.55,359.75,359.45,359.45,3434,0,0.0,0.0,0.0,0.0,-0.05000000000001137,-0.013912075681694872,0.1500000000000341,0.04171301446052116,3055,47.07967329326553
2025-09-04 12:45:00+05:30,12642,359.7,360.1,359.6,360.05,6117,BIOCON,359.7,360.1,359.6,359.9,4826,0,0.0,0.0,0.0,0.0,0.0,0.0,0.1500000000000341,0.04166088043328263,1291,21.10511688736309
2025-09-04 12:50:00+05:30,12643,359.95,360.0,359.7,359.75,3818,BIOCON,359.95,360.0,359.7,359.75,3609,0,0.0,0.0,0.0,0.0,0.0,0.0,0.0,0.0,209,5.474070193818753
2025-09-04 12:55:00+05:30,12644,359.75,360.2,359.75,359.95,6908,BIOCON,359.75,360.2,359.75,360.2,2692,0,0.0,0.0,0.0,0.0,0.0,0.0,-0.25,-0.06945409084595082,4216,61.030689056166764
2025-09-04 13:00:00+05:30,12645,359.95,360.0,359.15,359.4,12279,BIOCON,359.95,360.0,359.15,359.45,12126,0,0.0,0.0,0.0,0.0,0.0,0.0,-0.05000000000001137,-0.013912075681694872,153,1.2460298069875397
2025-09-04 13:05:00+05:30,12646,359.45,359.55,358.3,358.3,10771,BIOCON,359.45,359.55,358.45,358.65,9629,0,0.0,0.0,0.0,0.0,-0.14999999999997726,-0.04186435947529368,-0.3499999999999659,-0.09768350544235721,1142,10.602543867793148
2025-09-04 13:10:00+05:30,12647,358.4,358.55,358.2,358.2,8192,BIOCON,358.4,358.55,358.2,358.25,7371,0,0.0,0.0,0.0,0.0,0.0,0.0,-0.05000000000001137,-0.013958682300394017,821,10.02197265625
2025-09-04 13:15:00+05:30,12648,358.2,358.4,357.6,357.7,8139,BIOCON,358.2,358.4,357.6,357.65,6628,0,0.0,0.0,0.0,0.0,0.0,0.0,0.05000000000001137,0.01397819401733614,1511,18.56493426710898
2025-09-04 13:20:00+05:30,12649,357.7,358.2,357.6,357.9,11297,BIOCON,357.7,358.2,357.6,358.0,10237,0,0.0,0.0,0.0,0.0,0.0,0.0,-0.10000000000002274,-0.027940765576983162,1060,9.38302204124989
2025-09-04 13:25:00+05:30,12650,357.95,358.2,357.8,357.9,5772,BIOCON,357.95,358.2,357.8,357.95,4868,0,0.0,0.0,0.0,0.0,0.0,0.0,-0.05000000000001137,-0.013970382788491581,904,15.661815661815663
2025-09-04 13:30:00+05:30,12651,357.9,358.35,357.9,357.9,6824,BIOCON,357.9,358.35,357.9,358.05,4434,0,0.0,0.0,0.0,0.0,0.0,0.0,-0.1500000000000341,-0.04191114836547474,2390,35.023446658851114
2025-09-04 13:35:00+05:30,12652,357.9,358.15,357.6,357.75,12197,BIOCON,357.9,358.15,357.6,357.75,12197,0,0.0,0.0,0.0,0.0,0.0,0.0,0.0,0.0,0,0.0
2025-09-04 13:40:00+05:30,12653,357.9,358.2,357.05,357.15,29275,BIOCON,357.9,358.2,357.15,357.2,28256,0,0.0,0.0,0.0,0.0,-0.0999999999999659,-0.0280072818932827,-0.05000000000001137,-0.01399972000560307,1019,3.480785653287788
2025-09-04 13:45:00+05:30,12654,357.1,357.3,356.6,357.0,18671,BIOCON,357.1,357.3,356.6,356.65,17401,0,0.0,0.0,0.0,0.0,0.0,0.0,0.35000000000002274,0.09803921568628088,1270,6.801992394622677
2025-09-04 13:50:00+05:30,12655,357.2,357.7,356.9,357.5,9232,BIOCON,357.2,357.6,356.9,357.4,8339,0,0.0,0.0,0.0999999999999659,0.027956388034656384,0.0,0.0,0.10000000000002274,0.02797202797203433,893,9.672876949740035
2025-09-04 13:55:00+05:30,12656,357.5,357.8,357.0,357.0,22765,BIOCON,357.5,357.8,357.05,357.1,21574,0,0.0,0.0,0.0,0.0,-0.05000000000001137,-0.014005602240899542,-0.10000000000002274,-0.028011204481799085,1191,5.231715352514826
2025-09-04 14:00:00+05:30,12657,357.0,357.5,357.0,357.5,10690,BIOCON,357.0,357.35,357.0,357.1,8892,0,0.0,0.0,0.14999999999997726,0.0419580419580356,0.0,0.0,0.39999999999997726,0.11188811188810553,1798,16.819457436856876
2025-09-04 14:05:00+05:30,12658,357.5,357.7,357.0,357.0,7569,BIOCON,357.5,357.7,357.0,357.1,6608,0,0.0,0.0,0.0,0.0,0.0,0.0,-0.10000000000002274,-0.028011204481799085,961,12.696525300568107
2025-09-04 14:10:00+05:30,12659,357.2,357.35,356.8,357.15,7148,BIOCON,357.2,357.35,356.8,357.0,6142,0,0.0,0.0,0.0,0.0,0.0,0.0,0.14999999999997726,0.041999160016793304,1006,14.073866815892558
2025-09-04 14:15:00+05:30,12660,357.0,357.2,356.65,356.65,9256,BIOCON,357.0,357.2,356.65,356.8,7688,0,0.0,0.0,0.0,0.0,0.0,0.0,-0.1500000000000341,-0.04205804009534112,1568,16.94036300777874
2025-09-04 14:20:00+05:30,12661,356.75,357.0,355.95,356.05,37617,BIOCON,356.75,357.0,355.95,356.05,37617,0,0.0,0.0,0.0,0.0,0.0,0.0,0.0,0.0,0,0.0
2025-09-04 14:25:00+05:30,12662,356.1,356.1,355.0,355.9,53275,BIOCON,356.1,356.1,355.65,355.95,10359,0,0.0,0.0,0.0,0.0,-0.6499999999999773,-0.18309859154928937,-0.05000000000001137,-0.01404889013768232,42916,80.5556076959174
2025-09-04 14:30:00+05:30,12663,355.95,357.7,355.8,357.3,13680,BIOCON,355.95,357.4,355.8,357.25,9889,0,0.0,0.0,0.30000000000001137,0.08386916410400094,0.0,0.0,0.05000000000001137,0.013993842709211132,3791,27.711988304093566
2025-09-04 14:35:00+05:30,12664,357.45,357.9,357.05,357.2,22778,BIOCON,357.45,357.9,357.2,357.3,18164,0,0.0,0.0,0.0,0.0,-0.14999999999997726,-0.04201092283993201,-0.10000000000002274,-0.027995520716691695,4614,20.25638774255861
2025-09-04 14:40:00+05:30,12665,357.2,358.0,357.0,357.9,22296,BIOCON,357.2,358.0,357.0,357.9,22296,0,0.0,0.0,0.0,0.0,0.0,0.0,0.0,0.0,0,0.0
2025-09-04 14:45:00+05:30,12666,357.85,358.0,357.3,357.6,12010,BIOCON,357.85,358.0,357.3,357.7,11400,0,0.0,0.0,0.0,0.0,0.0,0.0,-0.0999999999999659,-0.027964205816545268,610,5.07910074937552
2025-09-04 14:50:00+05:30,12667,357.55,357.7,356.75,356.95,6742,BIOCON,357.55,357.7,357.15,357.2,5579,0,0.0,0.0,0.0,0.0,-0.39999999999997726,-0.11212333566922977,-0.25,-0.07003782042302843,1163,17.250074161969742
2025-09-04 14:55:00+05:30,12668,357.0,357.5,356.8,356.8,6150,BIOCON,357.0,357.5,356.85,356.9,5789,0,0.0,0.0,0.0,0.0,-0.05000000000001137,-0.01401345291480139,-0.0999999999999659,-0.028026905829586855,361,5.869918699186992
2025-09-04 15:00:00+05:30,12669,356.9,357.35,356.5,356.7,21409,BIOCON,356.9,357.35,356.65,356.65,10893,0,0.0,0.0,0.0,0.0,-0.14999999999997726,-0.042075736325379316,0.05000000000001137,0.014017381553129064,10516,49.119529169975245
2025-09-04 15:05:00+05:30,12670,356.7,356.95,356.4,356.65,23554,BIOCON,356.7,356.95,356.4,356.7,19599,0,0.0,0.0,0.0,0.0,0.0,0.0,-0.05000000000001137,-0.01401934669844704,3955,16.791203192663666
2025-09-11 12:10:00+05:30,13010,364.15,364.35,363.95,363.95,4761,BIOCON,364.15,364.35,363.95,363.95,4761,0,0.0,0.0,0.0,0.0,0.0,0.0,0.0,0.0,0,0.0
2025-09-11 12:15:00+05:30,13011,364.1,364.15,363.6,363.85,6056,BIOCON,364.1,364.15,363.6,363.85,6056,0,0.0,0.0,0.0,0.0,0.0,0.0,0.0,0.0,0,0.0
2025-09-11 12:20:00+05:30,13012,363.85,364.2,363.7,364.2,9219,BIOCON,363.85,364.2,363.7,364.2,9219,0,0.0,0.0,0.0,0.0,0.0,0.0,0.0,0.0,0,0.0
2025-09-11 12:25:00+05:30,13013,364.2,364.2,364.0,364.05,5584,BIOCON,364.2,364.2,364.0,364.05,5584,0,0.0,0.0,0.0,0.0,0.0,0.0,0.0,0.0,0,0.0
2025-09-11 12:30:00+05:30,13014,364.2,364.2,364.05,364.15,10904,BIOCON,364.2,364.2,364.05,364.15,10904,0,0.0,0.0,0.0,0.0,0.0,0.0,0.0,0.0,0,0.0
2025-09-11 12:35:00+05:30,13015,364.15,364.2,363.35,363.45,11787,BIOCON,364.15,364.2,363.35,363.45,11787,0,0.0,0.0,0.0,0.0,0.0,0.0,0.0,0.0,0,0.0
2025-09-11 12:40:00+05:30,13016,363.55,363.7,363.1,363.5,17579,BIOCON,363.55,363.7,363.1,363.5,17579,0,0.0,0.0,0.0,0.0,0.0,0.0,0.0,0.0,0,0.0
2025-09-11 12:45:00+05:30,13017,363.4,363.5,363.0,363.15,9454,BIOCON,363.4,363.5,363.0,363.15,9454,0,0.0,0.0,0.0,0.0,0.0,0.0,0.0,0.0,0,0.0
2025-09-11 12:50:00+05:30,13018,363.35,363.5,363.15,363.45,4647,BIOCON,363.35,363.5,363.15,363.45,4647,0,0.0,0.0,0.0,0.0,0.0,0.0,0.0,0.0,0,0.0
2025-09-11 12:55:00+05:30,13019,363.45,363.85,363.3,363.5,7785,BIOCON,363.45,363.85,363.3,363.5,7785,0,0.0,0.0,0.0,0.0,0.0,0.0,0.0,0.0,0,0.0
2025-09-11 13:00:00+05:30,13020,363.5,363.5,363.1,363.45,4096,BIOCON,363.5,363.5,363.1,363.45,4096,0,0.0,0.0,0.0,0.0,0.0,0.0,0.0,0.0,0,0.0
2025-09-11 13:05:00+05:30,13021,363.5,363.5,363.15,363.4,18215,BIOCON,363.5,363.5,363.15,363.4,18215,0,0.0,0.0,0.0,0.0,0.0,0.0,0.0,0.0,0,0.0
2025-09-11 13:10:00+05:30,13022,363.35,363.4,363.0,363.4,24844,BIOCON,363.35,363.4,363.0,363.4,24844,0,0.0,0.0,0.0,0.0,0.0,0.0,0.0,0.0,0,0.0
2025-09-11 13:15:00+05:30,13023,363.3,363.4,363.25,363.3,2788,BIOCON,363.3,363.4,363.25,363.3,2788,0,0.0,0.0,0.0,0.0,0.0,0.0,0.0,0.0,0,0.0
2025-09-11 13:20:00+05:30,13024,363.3,363.3,363.05,363.05,6277,BIOCON,363.3,363.3,363.05,363.05,6277,0,0.0,0.0,0.0,0.0,0.0,0.0,0.0,0.0,0,0.0
2025-09-11 13:25:00+05:30,13025,363.1,363.3,363.05,363.3,3622,BIOCON,363.1,363.3,363.05,363.3,3622,0,0.0,0.0,0.0,0.0,0.0,0.0,0.0,0.0,0,0.0
2025-09-11 13:30:00+05:30,13026,363.3,363.85,363.25,363.5,6809,BIOCON,363.3,363.85,363.25,363.5,6809,0,0.0,0.0,0.0,0.0,0.0,0.0,0.0,0.0,0,0.0
2025-09-11 13:35:00+05:30,13027,363.5,363.8,363.2,363.45,8161,BIOCON,363.5,363.8,363.2,363.45,8161,0,0.0,0.0,0.0,0.0,0.0,0.0,0.0,0.0,0,0.0
2025-09-11 13:40:00+05:30,13028,363.4,363.75,363.3,363.7,4568,BIOCON,363.4,363.75,363.3,363.7,4568,0,0.0,0.0,0.0,0.0,0.0,0.0,0.0,0.0,0,0.0
2025-09-11 13:45:00+05:30,13029,363.55,363.85,363.55,363.85,8946,BIOCON,363.55,363.85,363.55,363.85,8946,0,0.0,0.0,0.0,0.0,0.0,0.0,0.0,0.0,0,0.0
2025-09-11 13:50:00+05:30,13030,363.75,364.25,363.6,363.8,12621,BIOCON,363.75,364.25,363.6,363.8,12621,0,0.0,0.0,0.0,0.0,0.0,0.0,0.0,0.0,0,0.0
2025-09-11 13:55:00+05:30,13031,363.95,364.0,363.5,363.9,7647,BIOCON,363.95,364.0,363.5,363.9,7647,0,0.0,0.0,0.0,0.0,0.0,0.0,0.0,0.0,0,0.0
2025-09-11 14:00:00+05:30,13032,363.8,363.9,363.55,363.85,5235,BIOCON,363.8,363.9,363.55,363.85,5235,0,0.0,0.0,0.0,0.0,0.0,0.0,0.0,0.0,0,0.0
2025-09-11 14:05:00+05:30,13033,363.85,363.85,362.55,362.7,35843,BIOCON,363.85,363.85,362.55,362.7,35843,0,0.0,0.0,0.0,0.0,0.0,0.0,0.0,0.0,0,0.0
2025-09-11 14:10:00+05:30,13034,362.65,363.35,362.6,363.2,28116,BIOCON,362.65,363.35,362.6,363.2,28116,0,0.0,0.0,0.0,0.0,0.0,0.0,0.0,0.0,0,0.0
2025-09-11 14:15:00+05:30,13035,363.15,364.9,362.95,364.75,78053,BIOCON,363.15,364.9,362.95,364.75,78053,0,0.0,0.0,0.0,0.0,0.0,0.0,0.0,0.0,0,0.0
2025-09-11 14:20:00+05:30,13036,364.6,365.1,364.3,365.0,36669,BIOCON,364.6,365.1,364.3,365.0,36669,0,0.0,0.0,0.0,0.0,0.0,0.0,0.0,0.0,0,0.0
2025-09-11 14:25:00+05:30,13037,365.1,365.55,364.95,365.15,43546,BIOCON,365.1,365.55,364.95,365.15,43546,0,0.0,0.0,0.0,0.0,0.0,0.0,0.0,0.0,0,0.0
2025-09-11 14:30:00+05:30,13038,365.15,365.15,364.4,364.8,46796,BIOCON,365.15,365.15,364.4,364.8,46796,0,0.0,0.0,0.0,0.0,0.0,0.0,0.0,0.0,0,0.0
2025-09-11 14:35:00+05:30,13039,364.7,364.95,364.15,364.9,40971,BIOCON,364.7,364.95,364.15,364.9,40971,0,0.0,0.0,0.0,0.0,0.0,0.0,0.0,0.0,0,0.0
2025-09-11 14:40:00+05:30,13040,364.85,364.95,364.35,364.55,37082,BIOCON,364.85,364.95,364.35,364.55,37082,0,0.0,0.0,0.0,0.0,0.0,0.0,0.0,0.0,0,0.0
2025-09-11 14:45:00+05:30,13041,364.55,364.85,364.15,364.4,54175,BIOCON,364.55,364.85,364.15,364.4,54175,0,0.0,0.0,0.0,0.0,0.0,0.0,0.0,0.0,0,0.0
2025-09-11 14:50:00+05:30,13042,364.45,364.75,364.3,364.55,32995,BIOCON,364.45,364.75,364.3,364.55,32995,0,0.0,0.0,0.0,0.0,0.0,0.0,0.0,0.0,0,0.0
2025-09-11 14:55:00+05:30,13043,364.55,364.75,364.15,364.45,40556,BIOCON,364.55,364.75,364.15,364.45,40556,0,0.0,0.0,0.0,0.0,0.0,0.0,0.0,0.0,0,0.0
2025-09-11 15:00:00+05:30,13044,364.45,364.45,363.65,364.4,53876,BIOCON,364.45,364.45,363.65,364.4,53876,0,0.0,0.0,0.0,0.0,0.0,0.0,0.0,0.0,0,0.0
2025-09-11 15:05:00+05:30,13045,364.4,364.5,363.95,364.35,45504,BIOCON,364.4,364.5,363.95,364.35,45504,0,0.0,0.0,0.0,0.0,0.0,0.0,0.0,0.0,0,0.0
2025-09-11 15:10:00+05:30,13046,364.4,364.6,363.7,364.4,64120,BIOCON,364.4,364.6,363.7,364.4,64120,0,0.0,0.0,0.0,0.0,0.0,0.0,0.0,0.0,0,0.0
2025-09-11 15:15:00+05:30,13047,364.4,364.5,363.65,363.8,74247,BIOCON,364.4,364.5,363.65,363.8,74247,0,0.0,0.0,0.0,0.0,0.0,0.0,0.0,0.0,0,0.0
2025-09-11 15:20:00+05:30,13048,363.75,363.95,363.4,363.8,37989,BIOCON,363.75,363.95,363.4,363.8,37989,0,0.0,0.0,0.0,0.0,0.0,0.0,0.0,0.0,0,0.0
2025-09-11 15:25:00+05:30,13049,363.75,364.5,363.05,363.05,41977,BIOCON,363.75,364.5,363.05,363.05,41977,0,0.0,0.0,0.0,0.0,0.0,0.0,0.0,0.0,0,0.0
2025-09-12 09:15:00+05:30,13050,364.05,365.4,363.2,364.05,69394,BIOCON,364.05,365.4,363.2,364.05,69394,0,0.0,0.0,0.0,0.0,0.0,0.0,0.0,0.0,0,0.0
2025-09-12 09:20:00+05:30,13051,364.05,364.1,363.5,363.65,20781,BIOCON,364.05,364.1,363.5,363.65,20781,0,0.0,0.0,0.0,0.0,0.0,0.0,0.0,0.0,0,0.0
2025-09-12 09:25:00+05:30,13052,363.65,365.5,363.5,365.15,15617,BIOCON,363.65,365.5,363.5,365.15,15617,0,0.0,0.0,0.0,0.0,0.0,0.0,0.0,0.0,0,0.0
2025-09-12 09:30:00+05:30,13053,365.35,365.85,365.15,365.7,25048,BIOCON,365.35,365.85,365.15,365.7,25048,0,0.0,0.0,0.0,0.0,0.0,0.0,0.0,0.0,0,0.0
2025-09-12 09:35:00+05:30,13054,365.75,366.2,365.6,366.0,22796,BIOCON,365.75,366.2,365.6,366.0,22796,0,0.0,0.0,0.0,0.0,0.0,0.0,0.0,0.0,0,0.0
2025-09-12 09:40:00+05:30,13055,366.0,366.2,365.1,365.1,12130,BIOCON,366.0,366.2,365.1,365.1,12130,0,0.0,0.0,0.0,0.0,0.0,0.0,0.0,0.0,0,0.0
2025-09-12 09:45:00+05:30,13056,365.05,366.3,365.05,366.0,25623,BIOCON,365.05,366.3,365.05,366.0,25623,0,0.0,0.0,0.0,0.0,0.0,0.0,0.0,0.0,0,0.0
2025-09-12 09:50:00+05:30,13057,365.95,366.05,365.05,365.25,20259,BIOCON,365.95,366.05,365.05,365.25,20259,0,0.0,0.0,0.0,0.0,0.0,0.0,0.0,0.0,0,0.0
2025-09-12 09:55:00+05:30,13058,365.25,365.25,364.55,365.0,24017,BIOCON,365.25,365.25,364.55,365.0,24017,0,0.0,0.0,0.0,0.0,0.0,0.0,0.0,0.0,0,0.0
2025-09-12 10:00:00+05:30,13059,365.0,365.9,365.0,365.85,8431,BIOCON,365.0,365.9,365.0,365.85,8431,0,0.0,0.0,0.0,0.0,0.0,0.0,0.0,0.0,0,0.0
2025-09-12 10:05:00+05:30,13060,365.85,366.25,365.8,366.0,16154,BIOCON,365.85,366.25,365.8,366.0,16154,0,0.0,0.0,0.0,0.0,0.0,0.0,0.0,0.0,0,0.0
2025-09-12 10:10:00+05:30,13061,366.0,366.3,365.75,366.3,14194,BIOCON,366.0,366.3,365.75,366.3,14194,0,0.0,0.0,0.0,0.0,0.0,0.0,0.0,0.0,0,0.0
2025-09-12 10:15:00+05:30,13062,366.35,366.35,365.85,366.0,7281,BIOCON,366.35,366.35,365.85,366.0,7281,0,0.0,0.0,0.0,0.0,0.0,0.0,0.0,0.0,0,0.0
2025-09-12 10:20:00+05:30,13063,366.0,366.25,365.7,365.85,7930,BIOCON,366.0,366.25,365.7,365.85,7930,0,0.0,0.0,0.0,0.0,0.0,0.0,0.0,0.0,0,0.0
2025-09-12 10:25:00+05:30,13064,365.85,366.05,365.85,365.95,2667,BIOCON,365.85,366.05,365.85,365.95,2667,0,0.0,0.0,0.0,0.0,0.0,0.0,0.0,0.0,0,0.0
2025-09-12 10:30:00+05:30,13065,365.95,366.15,365.75,365.95,6717,BIOCON,365.95,366.15,365.75,365.95,6717,0,0.0,0.0,0.0,0.0,0.0,0.0,0.0,0.0,0,0.0
2025-09-12 10:35:00+05:30,13066,365.8,366.05,365.8,366.0,2018,BIOCON,365.8,366.05,365.8,366.0,2018,0,0.0,0.0,0.0,0.0,0.0,0.0,0.0,0.0,0,0.0
2025-09-12 10:40:00+05:30,13067,366.0,366.15,365.95,366.05,6187,BIOCON,366.0,366.15,365.95,366.15,6074,0,0.0,0.0,0.0,0.0,0.0,0.0,-0.0999999999999659,-0.02731867231251629,113,1.826410214966866
2025-09-12 10:45:00+05:30,13068,366.1,366.15,365.6,366.1,59904,BIOCON,366.1,366.15,365.6,366.1,59904,0,0.0,0.0,0.0,0.0,0.0,0.0,0.0,0.0,0,0.0
2025-09-12 10:50:00+05:30,13069,366.1,366.8,365.9,366.7,20423,BIOCON,366.1,366.8,365.9,366.7,20423,0,0.0,0.0,0.0,0.0,0.0,0.0,0.0,0.0,0,0.0
2025-09-12 10:55:00+05:30,13070,366.6,366.6,365.1,365.25,13596,BIOCON,366.6,366.6,365.1,365.25,13596,0,0.0,0.0,0.0,0.0,0.0,0.0,0.0,0.0,0,0.0
2025-09-12 11:00:00+05:30,13071,365.25,365.5,364.8,365.5,16624,BIOCON,365.25,365.5,364.8,365.5,16624,0,0.0,0.0,0.0,0.0,0.0,0.0,0.0,0.0,0,0.0
2025-09-12 11:05:00+05:30,13072,365.35,365.65,365.35,365.45,4796,BIOCON,365.35,365.65,365.35,365.65,4110,0,0.0,0.0,0.0,0.0,0.0,0.0,-0.19999999999998863,-0.05472704884388798,686,14.303586321934947
2025-09-12 11:10:00+05:30,13073,365.45,365.65,365.45,365.5,5550,BIOCON,365.45,365.65,365.45,365.5,5550,0,0.0,0.0,0.0,0.0,0.0,0.0,0.0,0.0,0,0.0
2025-09-12 11:15:00+05:30,13074,365.5,365.8,365.2,365.7,11679,BIOCON,365.5,365.8,365.2,365.7,11679,0,0.0,0.0,0.0,0.0,0.0,0.0,0.0,0.0,0,0.0
2025-09-12 11:20:00+05:30,13075,365.75,365.85,365.5,365.85,3913,BIOCON,365.75,365.85,365.5,365.85,3913,0,0.0,0.0,0.0,0.0,0.0,0.0,0.0,0.0,0,0.0
2025-09-12 11:25:00+05:30,13076,365.6,366.0,365.6,365.9,7509,BIOCON,365.6,366.0,365.6,365.9,7509,0,0.0,0.0,0.0,0.0,0.0,0.0,0.0,0.0,0,0.0
2025-09-12 11:30:00+05:30,13077,365.9,366.0,365.55,365.85,17453,BIOCON,365.9,365.9,365.6,365.65,9460,0,0.0,0.0,0.10000000000002274,0.027322404371590912,-0.05000000000001137,-0.01367801942279069,0.20000000000004547,0.05466721333881248,7993,45.797284134532745
2025-09-12 11:35:00+05:30,13078,365.85,366.25,365.85,366.25,12098,BIOCON,365.85,366.25,365.85,366.25,12098,0,0.0,0.0,0.0,0.0,0.0,0.0,0.0,0.0,0,0.0
2025-09-12 11:40:00+05:30,13079,366.3,366.6,366.2,366.25,8194,BIOCON,366.3,366.6,366.2,366.25,8194,0,0.0,0.0,0.0,0.0,0.0,0.0,0.0,0.0,0,0.0
2025-09-12 11:45:00+05:30,13080,366.25,366.25,365.5,365.95,10611,BIOCON,366.25,366.25,365.5,365.95,10611,0,0.0,0.0,0.0,0.0,0.0,0.0,0.0,0.0,0,0.0
2025-09-12 11:50:00+05:30,13081,365.95,366.0,365.7,365.8,3524,BIOCON,365.95,366.0,365.7,365.8,3524,0,0.0,0.0,0.0,0.0,0.0,0.0,0.0,0.0,0,0.0
2025-09-12 11:55:00+05:30,13082,365.8,365.9,365.5,365.7,5018,BIOCON,365.8,365.9,365.5,365.7,4421,0,0.0,0.0,0.0,0.0,0.0,0.0,0.0,0.0,597,11.897170187325628
2025-09-12 12:00:00+05:30,13083,365.6,365.7,365.6,365.7,993,BIOCON,365.6,365.7,365.6,365.7,993,0,0.0,0.0,0.0,0.0,0.0,0.0,0.0,0.0,0,0.0
2025-09-12 12:05:00+05:30,13084,365.7,365.7,365.05,365.25,8091,BIOCON,365.7,365.7,365.05,365.25,8091,0,0.0,0.0,0.0,0.0,0.0,0.0,0.0,0.0,0,0.0
2025-09-12 12:10:00+05:30,13085,365.25,365.25,364.9,365.15,4853,BIOCON,365.25,365.25,364.9,365.15,4853,0,0.0,0.0,0.0,0.0,0.0,0.0,0.0,0.0,0,0.0
2025-09-12 12:15:00+05:30,13086,365.15,365.3,365.0,365.25,744,BIOCON,365.15,365.3,365.0,365.25,744,0,0.0,0.0,0.0,0.0,0.0,0.0,0.0,0.0,0,0.0
2025-09-12 12:20:00+05:30,13087,365.25,365.3,364.45,365.25,25279,BIOCON,365.25,365.3,364.95,365.15,3549,0,0.0,0.0,0.0,0.0,-0.5,-0.13719303059404583,0.10000000000002274,0.027378507871327236,21730,85.96067882432058
2025-09-12 12:25:00+05:30,13088,365.2,365.5,365.2,365.45,1968,BIOCON,365.2,365.5,365.2,365.45,1968,0,0.0,0.0,0.0,0.0,0.0,0.0,0.0,0.0,0,0.0
2025-09-12 12:30:00+05:30,13089,365.45,365.9,365.25,365.85,4770,BIOCON,365.45,365.9,365.25,365.85,4770,0,0.0,0.0,0.0,0.0,0.0,0.0,0.0,0.0,0,0.0
2025-09-12 12:35:00+05:30,13090,365.85,366.0,365.75,366.0,4997,BIOCON,365.85,366.0,365.75,366.0,4997,0,0.0,0.0,0.0,0.0,0.0,0.0,0.0,0.0,0,0.0
2025-09-12 12:40:00+05:30,13091,366.0,366.1,365.9,366.05,16163,BIOCON,366.0,366.1,365.9,366.05,16163,0,0.0,0.0,0.0,0.0,0.0,0.0,0.0,0.0,0,0.0
2025-09-12 12:45:00+05:30,13092,366.05,366.05,365.75,365.8,5110,BIOCON,366.05,366.05,365.9,366.0,3358,0,0.0,0.0,0.0,0.0,-0.14999999999997726,-0.041011619958982164,-0.19999999999998863,-0.05467468562055457,1752,34.285714285714285
2025-09-12 12:50:00+05:30,13093,365.8,365.85,365.1,365.1,5516,BIOCON,365.8,365.85,365.1,365.1,5516,0,0.0,0.0,0.0,0.0,0.0,0.0,0.0,0.0,0,0.0
2025-09-12 12:55:00+05:30,13094,365.25,365.5,365.05,365.35,8681,BIOCON,365.25,365.5,365.05,365.35,8681,0,0.0,0.0,0.0,0.0,0.0,0.0,0.0,0.0,0,0.0
2025-09-12 13:00:00+05:30,13095,365.35,365.35,365.1,365.15,3428,BIOCON,365.35,365.35,365.1,365.15,3428,0,0.0,0.0,0.0,0.0,0.0,0.0,0.0,0.0,0,0.0
2025-09-12 13:05:00+05:30,13096,365.3,365.35,364.85,365.3,10891,BIOCON,365.3,365.35,364.85,365.3,10891,0,0.0,0.0,0.0,0.0,0.0,0.0,0.0,0.0,0,0.0
2025-09-12 13:10:00+05:30,13097,365.2,365.35,365.1,365.35,5802,BIOCON,365.2,365.3,365.2,365.25,1650,0,0.0,0.0,0.05000000000001137,0.01368550704803924,-0.0999999999999659,-0.0273897562311602,0.10000000000002274,0.02737101409607848,4152,71.56153050672181
2025-09-12 13:15:00+05:30,13098,365.2,365.35,365.1,365.2,5085,BIOCON,365.2,365.35,365.1,365.2,5085,0,0.0,0.0,0.0,0.0,0.0,0.0,0.0,0.0,0,0.0
2025-09-12 13:20:00+05:30,13099,365.2,365.9,365.2,365.9,15155,BIOCON,365.2,365.9,365.2,365.9,15155,0,0.0,0.0,0.0,0.0,0.0,0.0,0.0,0.0,0,0.0
2025-09-12 13:25:00+05:30,13100,365.9,366.0,365.75,366.0,16582,BIOCON,365.9,366.0,365.75,366.0,16582,0,0.0,0.0,0.0,0.0,0.0,0.0,0.0,0.0,0,0.0
2025-09-12 13:30:00+05:30,13101,366.0,366.0,365.85,366.0,9248,BIOCON,366.0,366.0,365.85,366.0,9248,0,0.0,0.0,0.0,0.0,0.0,0.0,0.0,0.0,0,0.0
2025-09-12 13:35:00+05:30,13102,366.0,366.05,365.8,366.0,9805,BIOCON,366.0,366.0,365.8,365.9,7960,0,0.0,0.0,0.05000000000001137,0.013659336156265911,0.0,0.0,0.10000000000002274,0.027322404371590912,1845,18.816930137684853
2025-09-12 13:40:00+05:30,13103,366.0,366.0,365.45,365.65,15428,BIOCON,366.0,366.0,365.45,365.65,15428,0,0.0,0.0,0.0,0.0,0.0,0.0,0.0,0.0,0,0.0
2025-09-12 13:45:00+05:30,13104,365.55,365.75,365.2,365.5,13967,BIOCON,365.55,365.75,365.2,365.5,13967,0,0.0,0.0,0.0,0.0,0.0,0.0,0.0,0.0,0,0.0
2025-09-12 13:50:00+05:30,13105,365.5,366.05,365.35,366.05,26563,BIOCON,365.5,366.05,365.35,366.05,26563,0,0.0,0.0,0.0,0.0,0.0,0.0,0.0,0.0,0,0.0
2025-09-12 13:55:00+05:30,13106,366.0,366.05,365.9,366.0,6569,BIOCON,366.0,366.05,365.9,366.0,6569,0,0.0,0.0,0.0,0.0,0.0,0.0,0.0,0.0,0,0.0
2025-09-12 14:00:00+05:30,13107,366.0,366.0,365.1,365.8,25689,BIOCON,366.0,366.0,365.1,365.75,24046,0,0.0,0.0,0.0,0.0,0.0,0.0,0.05000000000001137,0.01366867140514253,1643,6.395733582467204
2025-09-12 14:05:00+05:30,13108,365.8,365.85,365.4,365.85,12644,BIOCON,365.8,365.85,365.4,365.85,12644,0,0.0,0.0,0.0,0.0,0.0,0.0,0.0,0.0,0,0.0
2025-09-12 14:10:00+05:30,13109,365.8,365.85,365.5,365.65,13699,BIOCON,365.8,365.85,365.5,365.65,13699,0,0.0,0.0,0.0,0.0,0.0,0.0,0.0,0.0,0,0.0
2025-09-12 14:15:00+05:30,13110,365.55,365.65,364.9,364.9,32825,BIOCON,365.55,365.65,364.9,364.9,32825,0,0.0,0.0,0.0,0.0,0.0,0.0,0.0,0.0,0,0.0
2025-09-12 14:20:00+05:30,13111,365.1,365.6,364.85,365.35,12956,BIOCON,365.1,365.6,364.85,365.35,12956,0,0.0,0.0,0.0,0.0,0.0,0.0,0.0,0.0,0,0.0
2025-09-12 14:25:00+05:30,13112,365.35,365.75,365.3,365.55,17346,BIOCON,365.35,365.75,365.3,365.55,15558,0,0.0,0.0,0.0,0.0,0.0,0.0,0.0,0.0,1788,10.307851954341059
2025-09-12 14:30:00+05:30,13113,365.35,365.55,364.85,365.4,18888,BIOCON,365.35,365.55,364.85,365.4,18888,0,0.0,0.0,0.0,0.0,0.0,0.0,0.0,0.0,0,0.0
2025-09-12 14:35:00+05:30,13114,365.35,365.35,364.6,365.1,46148,BIOCON,365.35,365.35,364.6,365.1,46148,0,0.0,0.0,0.0,0.0,0.0,0.0,0.0,0.0,0,0.0
2025-09-12 14:40:00+05:30,13115,364.95,365.35,364.6,364.85,19883,BIOCON,364.95,365.35,364.6,364.85,19883,0,0.0,0.0,0.0,0.0,0.0,0.0,0.0,0.0,0,0.0
2025-09-12 14:45:00+05:30,13116,364.65,364.85,364.45,364.65,28286,BIOCON,364.65,364.85,364.45,364.65,28286,0,0.0,0.0,0.0,0.0,0.0,0.0,0.0,0.0,0,0.0
2025-09-12 14:50:00+05:30,13117,364.85,364.85,364.4,364.7,12541,BIOCON,364.85,364.85,364.4,364.45,9958,0,0.0,0.0,0.0,0.0,0.0,0.0,0.25,0.06854949273375377,2583,20.596443664779525
2025-09-12 14:55:00+05:30,13118,364.5,364.7,364.1,364.4,16189,BIOCON,364.5,364.7,364.1,364.4,16189,0,0.0,0.0,0.0,0.0,0.0,0.0,0.0,0.0,0,0.0
2025-09-12 15:00:00+05:30,13119,364.45,365.25,364.4,365.15,22960,BIOCON,364.45,365.25,364.4,365.15,22960,0,0.0,0.0,0.0,0.0,0.0,0.0,0.0,0.0,0,0.0
2025-09-12 15:05:00+05:30,13120,365.15,365.4,365.1,365.3,24533,BIOCON,365.15,365.4,365.1,365.3,24533,0,0.0,0.0,0.0,0.0,0.0,0.0,0.0,0.0,0,0.0
2025-09-12 15:10:00+05:30,13121,365.3,365.5,365.1,365.35,39142,BIOCON,365.3,365.5,365.1,365.35,39142,0,0.0,0.0,0.0,0.0,0.0,0.0,0.0,0.0,0,0.0
